kernel,n_channels,n_qubits,mean,std,variance,min,max,shots_for_1sigma,subject
HS-overlap,4,2,0.9948487940738333,0.005283713863748126,2.791763219396415e-05,0.9517392610439338,0.9999078995751318,35819.656661864115,1
Fidelity,4,2,0.9931086472085215,0.006667641574075293,4.4457444160337244e-05,0.9606576220291582,0.9998994810105044,22493.42081819789,1
HS-RBF,4,2,0.3871451914278203,0.27623291955632595,0.07630462584661163,1.7189634596232775e-05,0.9724073907778189,13.105365355046896,1
Bures-RBF,4,2,0.3920574125137095,0.28390889578122236,0.08060426110371299,0.0001934255081035518,0.9786020835653714,12.406292003760276,1
HS-overlap,8,3,0.992492305628257,0.009020624646221647,8.13716690080214e-05,0.9294367334137962,0.9997738537322913,12289.289530259268,1
Fidelity,8,3,0.9897168497615639,0.009251546322867546,8.5591109364164e-05,0.937705058164615,0.9996178910314387,11683.456464447792,1
HS-RBF,8,3,0.3793904638051198,0.24246008845492145,0.05878689449356833,2.4056995658753905e-05,0.9606166971206458,17.01059408928986,1
Bures-RBF,8,3,0.3793355623679795,0.2335188767723575,0.05453106580902349,0.0002415475039035831,0.9509612161210641,18.33817082362116,1
HS-overlap,16,4,0.9921141770816438,0.008101589612415687,6.563575424800176e-05,0.9357295889349279,0.9994027395639119,15235.598515734957,1
Fidelity,16,4,0.9878347650028256,0.00888265864696792,7.890162463855397e-05,0.9399630903940486,0.9992868594641745,12674.010257468977,1
HS-RBF,16,4,0.37517905176404487,0.231655712179578,0.05366436898542749,0.00022101358895476074,0.9143536169032576,18.634338182035627,1
Bures-RBF,16,4,0.37407774961775664,0.21015760294751923,0.04416621807664714,0.0019087897985749422,0.9293653442096588,22.641739400565733,1
HS-overlap,32,5,0.9833607301707409,0.01394929168576404,0.00019458273853452577,0.9106123759729827,0.9976794376549117,5139.20200492278,1
Fidelity,32,5,0.9775573931018692,0.012814735250201732,0.00016421743953276284,0.9195804641117428,0.9945906255079503,6089.487224044137,1
HS-RBF,32,5,0.35739873968932984,0.2080242933303514,0.043274106615592084,0.001345508261490328,0.8564986271330857,23.108507100633943,1
Bures-RBF,32,5,0.36098289311109516,0.1693401327128698,0.028676080547212355,0.013222518508468771,0.7517220583932381,34.87226918454208,1
HS-overlap,64,6,0.9665865418665365,0.03712389078419514,0.0013781832669568488,0.713269208921273,0.9948039218409908,725.5929047869583,1
Fidelity,64,6,0.9642320688345312,0.023843128047118578,0.0005684947550712926,0.8107295590765169,0.9905000037377334,1759.0311802869564,1
HS-RBF,64,6,0.36270602997770274,0.18890671996590586,0.035685748848277174,2.6537445203875796e-06,0.8111132415471288,28.0223907939171,1
Bures-RBF,64,6,0.35751717012352274,0.14521456821787226,0.021087270822703074,0.0012934073053925746,0.7276467057402829,47.42197358813144,1
HS-overlap,4,2,0.9836111104427281,0.014634105699323,0.00021415704961895793,0.8897770716769268,0.9997174356364241,4669.470380635448,2
Fidelity,4,2,0.9863129073268163,0.014398106098993415,0.00020730545923787139,0.8864153141984292,0.9998239728341559,4823.79964172847,2
HS-RBF,4,2,0.3923090677096146,0.27347170726465747,0.07478677467424652,6.458784486488031e-06,0.9790688901291609,13.37134813415558,2
Bures-RBF,4,2,0.391215034998788,0.2768260644827646,0.07663266997701575,2.1912822564835454e-06,0.9805860481592661,13.0492647626649,2
HS-overlap,8,3,0.9803749454125594,0.015974156911764178,0.0002551736890416632,0.8764245637764877,0.9991572269527647,3918.899333844431,2
Fidelity,8,3,0.9840862699438198,0.013532091154636106,0.00018311749101738073,0.9091167089786621,0.9994968047470899,5460.974778783335,2
HS-RBF,8,3,0.3793663149253029,0.25474396217204814,0.06489448626311389,0.00012588088034339772,0.9583276793847176,15.40962965552285,2
Bures-RBF,8,3,0.3781471760442052,0.2515530122773012,0.06327891798578404,0.00031049230868423745,0.9572533382732975,15.803051503261411,2
HS-overlap,16,4,0.979851354293668,0.014129345667087848,0.00019963840898005414,0.9058606647067424,0.998000721673404,5009.056148608707,2
Fidelity,16,4,0.981133655596498,0.013935453887141448,0.00019419687504064568,0.9040680327227205,0.9989909972233156,5149.413448546475,2
HS-RBF,16,4,0.3782847132331322,0.24058898016144423,0.0578830573751238,0.0004700511530157535,0.9397898560640079,17.276212511016507,2
Bures-RBF,16,4,0.37015544561214453,0.21895616131645002,0.04794180057843528,0.0012349763142298555,0.9335873358142665,20.858624163770152,2
HS-overlap,32,5,0.9575354038308462,0.023741102316510262,0.000563639939203009,0.8287827656121258,0.9922029373747785,1774.1822934230092,2
Fidelity,32,5,0.9653039802189529,0.01782272379362016,0.0003176494834236742,0.8831594728253159,0.9944920793432623,3148.1241185153162,2
HS-RBF,32,5,0.36759458701314685,0.20968969411150287,0.04396976781657564,0.00198575268543982,0.8459980051236792,22.742899261410745,2
Bures-RBF,32,5,0.38587424473658277,0.17246107346526846,0.029742821860792724,0.024430311084226577,0.8437098482649477,33.62155765449443,2
HS-overlap,64,6,0.9184765072914152,0.04619651843034693,0.0021341183150853835,0.7289792482005136,0.9870146737005105,468.5775821009208,2
Fidelity,64,6,0.9513113954588025,0.023096953668639803,0.0005334692687712937,0.8567459607101026,0.9913333869428353,1874.5222237510275,2
HS-RBF,64,6,0.36799812337833165,0.2117704934761128,0.044846741907116336,0.007417586809778952,0.8628443708687017,22.298163868205524,2
Bures-RBF,64,6,0.3702691710188902,0.16266683673188417,0.02646049977235746,0.03482664831753978,0.8220243318724386,37.792181122923154,2
HS-overlap,4,2,0.9948100276999172,0.004253593845016971,1.809306059836626e-05,0.9757202078346568,0.9999388489909925,55269.80880671435,3
Fidelity,4,2,0.9890526773228274,0.011214875385690048,0.00012577342991655651,0.9431642469303845,0.9999504746214088,7950.804877178295,3
HS-RBF,4,2,0.40605957547806215,0.29391884911798744,0.08638828986684227,0.0011877240746554867,0.9891837448692069,11.575642966672754,3
Bures-RBF,4,2,0.3930798116605205,0.3078593510371062,0.09477738002098818,0.0001327371126579745,0.9923624611061963,10.551040762875624,3
HS-overlap,8,3,0.9922201341433963,0.006477978191585313,4.1964201450654925e-05,0.9608786444651133,0.9998361633809476,23829.835083979495,3
Fidelity,8,3,0.9831032475238182,0.013753147677748668,0.00018914907104596357,0.9331819009630391,0.999800594522189,5286.835375242198,3
HS-RBF,8,3,0.41532587758005224,0.28267960980099477,0.07990776179724265,0.005808073434359472,0.9815874257109029,12.514428855326875,3
Bures-RBF,8,3,0.41741743335447495,0.28623894694786145,0.08193273474982063,0.006855595143859682,0.9854884229800319,12.205133919348265,3
HS-overlap,16,4,0.9919489174453655,0.006808432396583042,4.635475169884151e-05,0.9529580347403639,0.9995913455082164,21572.76143979414,3
Fidelity,16,4,0.9801242625406021,0.014319794620383644,0.00020505651796996836,0.9310146380136596,0.9992666076880187,4876.704285725048,3
HS-RBF,16,4,0.4104622710530502,0.2735333117178802,0.07482047261935103,0.009219051922250662,0.955058533011249,13.365325892653706,3
Bures-RBF,16,4,0.4118815870807017,0.26143525868385087,0.06834839448309202,0.016543767603362926,0.9580564637953038,14.630921582911203,3
HS-overlap,32,5,0.9793233050811601,0.016485368916826493,0.0002717673883238691,0.8936406139962316,0.9987574488766321,3679.6173601531823,3
Fidelity,32,5,0.9619351728672524,0.022274226290771658,0.0004961411568525033,0.8853089003368189,0.9966905296241401,2015.5554244762802,3
HS-RBF,32,5,0.4131077135697033,0.2494825664546718,0.062241550964809725,0.026227143546183482,0.9338328959146266,16.066437685098535,3
Bures-RBF,32,5,0.4028495137927142,0.21546998227834147,0.04642731326302879,0.035924406124389234,0.9109889621715482,21.539045223974323,3
HS-overlap,64,6,0.9551429175123682,0.03694590554395917,0.001364999936463153,0.7827439266949681,0.9974663289691769,732.6007667012035,3
Fidelity,64,6,0.9421097248161009,0.03236925045341209,0.0010477683749157186,0.8226670322529217,0.9932774840849256,954.4094133213736,3
HS-RBF,64,6,0.40377941176437554,0.24597559748282885,0.06050399455703464,0.006118926765972615,0.9318579963865867,16.527834357404963,3
Bures-RBF,64,6,0.39571725598889074,0.20027611994752306,0.04011052422123465,0.03246328189766142,0.8832861600205836,24.931112704595282,3
HS-overlap,4,2,0.9896562581685907,0.01259890218033489,0.00015873233614964723,0.9075618943307803,0.9999818008407277,6299.913579405997,4
Fidelity,4,2,0.9948283331496717,0.0064345522845895104,4.140346310311609e-05,0.9520743380219241,0.9999914580311433,24152.569013598728,4
HS-RBF,4,2,0.41378753325547135,0.33051438049848203,0.10923975571629536,2.10887370145205e-08,0.9973290159507731,9.154176457489362,4
Bures-RBF,4,2,0.4153765076224315,0.3289729173371896,0.10822318034134139,3.109687739515938e-08,0.9969610120094059,9.240164601021236,4
HS-overlap,8,3,0.9886533040222297,0.012242886508917665,0.00014988827007023816,0.915214608935818,0.9998179860120908,6671.636142917631,4
Fidelity,8,3,0.9942680074285773,0.006527855431210813,4.26128965307885e-05,0.9535672392496429,0.9999174316179412,23467.074088180885,4
HS-RBF,8,3,0.3979839494528897,0.30485605361178114,0.09293721342374918,4.323810058322967e-07,0.9765716908514,10.75995247932041,4
Bures-RBF,8,3,0.39451085803250996,0.29890930802573873,0.08934677442442596,7.967621113785445e-07,0.9756235854942368,11.192345850670309,4
HS-overlap,16,4,0.9886852383947663,0.010265046504755826,0.00010537117974479979,0.9313699241418923,0.9996402082016435,9490.26102224457,4
Fidelity,16,4,0.9937159347581698,0.006563870182162033,4.308439176827584e-05,0.9544912332048594,0.9998388296164394,23210.261511370016,4
HS-RBF,16,4,0.3878596810822528,0.2851153719280147,0.08129077530965016,3.128044087141212e-06,0.9614013873521451,12.30151879091856,4
Bures-RBF,16,4,0.38032646961870614,0.27471291574123824,0.07546718607505265,7.458526763306413e-06,0.9595103302241149,13.25079219205938,4
HS-overlap,32,5,0.9873815744442541,0.009409789716952523,8.854414251726544e-05,0.9429546885399205,0.998371381681928,11293.801843583358,4
Fidelity,32,5,0.9931101797149953,0.006366208649524667,4.052861256928268e-05,0.9589906431750858,0.9995069973871195,24673.926310468294,4
HS-RBF,32,5,0.37633964944722764,0.2663922131042285,0.0709648112025687,2.598291075726387e-05,0.928608231528521,14.091491022860682,4
Bures-RBF,32,5,0.3674561985390865,0.24489961257979098,0.059975820241731724,0.0001284667075731866,0.8988762684189487,16.673385974039434,4
HS-overlap,64,6,0.9521031469286452,0.036585207335259,0.0013384773957638891,0.784611267065512,0.9925948796320977,747.1175853734048,4
Fidelity,64,6,0.982605590781379,0.00979600901131451,9.596179254975508e-05,0.9378862715414913,0.9962621434753813,10420.814090998889,4
HS-RBF,64,6,0.36166739801645914,0.2055697063933835,0.0422589041866619,0.0017131709171518512,0.8464391425421193,23.663651939077685,4
Bures-RBF,64,6,0.36252124205583713,0.1671052017752004,0.02792414846033044,0.014317677247249123,0.777451727632035,35.811297931631415,4
HS-overlap,4,2,0.9676177301860533,0.039724550842085156,0.0015780399396054083,0.7852785012362021,0.9999866198799615,633.6975224150865,5
Fidelity,4,2,0.9825641925958825,0.0218347501640572,0.0004767563147267958,0.8800143264328693,0.9999936909571685,2097.5076136601315,5
HS-RBF,4,2,0.4250718011912582,0.3600295761815448,0.12962129572546277,5.672293865254906e-07,0.999281604685832,7.714781698510365,5
Bures-RBF,4,2,0.4290577367038298,0.35923761788573316,0.12905166610421603,8.679116727930089e-07,0.9992890778927294,7.7488344799240885,5
HS-overlap,8,3,0.9711345317555584,0.03276028004825184,0.0010732359488398876,0.8093889605293302,0.9997337205618374,931.7615581931897,5
Fidelity,8,3,0.983699418424825,0.019226095291684144,0.00036964274016491926,0.8922899999406734,0.9998944856889811,2705.3148657913353,5
HS-RBF,8,3,0.4010907821497846,0.3300317854439892,0.10892097940334733,1.4605049071102565e-06,0.9904957230564769,9.180967757339761,5
Bures-RBF,8,3,0.39961969952239673,0.3244246873182282,0.10525137774153014,2.0367439691940032e-06,0.9875957333453601,9.501063277819874,5
HS-overlap,16,4,0.9738406097589906,0.026851870039191237,0.0007210229246016161,0.8362864902721866,0.9995639981908009,1386.9184541566776,5
Fidelity,16,4,0.9831743136238777,0.018687242523152518,0.0003492130331191196,0.8943831790639387,0.9998556890607443,2863.5815538387747,5
HS-RBF,16,4,0.3908316540243252,0.31272200255493077,0.09779505088196613,3.678927179002095e-06,0.9895047726168616,10.225466329650478,5
Bures-RBF,16,4,0.3810731008701392,0.29912270002740843,0.08947438967168696,6.8694192987462895e-06,0.9843206101687452,11.176382467311061,5
HS-overlap,32,5,0.9555175706865977,0.025828138538966847,0.0006670927403880644,0.8168794945043835,0.9917089198655576,1499.0419464290305,5
Fidelity,32,5,0.9736429278271234,0.016837386608533525,0.00028349758780522405,0.8899349225394292,0.9946566836479227,3527.3668737070393,5
HS-RBF,32,5,0.3468691497040135,0.22755211459533595,0.0517799648568089,0.0001127888446370841,0.8403410304025818,19.31248896683064,5
Bures-RBF,32,5,0.3520829909325432,0.17450499381609882,0.03045199286675669,0.004613777813431673,0.7756414402272389,32.838573303741406,5
HS-overlap,64,6,0.9101601720714905,0.049417157466209616,0.0024420554520401564,0.6581332927575646,0.9774007031393896,409.4911109264837,5
Fidelity,64,6,0.9517936170339715,0.019528950111764223,0.0003813798924677758,0.8485534073815199,0.9792321397764426,2622.0574806116547,5
HS-RBF,64,6,0.3467104967108802,0.18544716395709146,0.03439065061972836,0.001034037189238469,0.7434159665316341,29.077670296424845,5
Bures-RBF,64,6,0.3524673422153997,0.12250897077390922,0.015008447920082543,0.026281827512496254,0.6176423469359104,66.62914148916875,5
HS-overlap,4,2,0.9544602107107997,0.05035610726332354,0.002535737538715346,0.7294333525279223,0.9999842411284854,394.36258080030615,6
Fidelity,4,2,0.9739038058329519,0.030315065044572195,0.0009190031686566431,0.8273992625729232,0.9999926373963279,1088.1355300023115,6
HS-RBF,4,2,0.435262511614987,0.3639987386992807,0.1324950817746672,4.508286148414335e-06,0.9995699069385156,7.547449962713997,6
Bures-RBF,4,2,0.4335369371811408,0.3622624730965296,0.13123409941401384,3.955535506728084e-06,0.9994934416156339,7.619970758097152,6
HS-overlap,8,3,0.9568010535308069,0.043851874242751096,0.0019229868746020572,0.766744765732514,0.9997633201478014,520.0243502478091,6
Fidelity,8,3,0.9714177900501232,0.03169992887333124,0.0010048854905742597,0.8224937358641509,0.9999000896245112,995.1382614038265,6
HS-RBF,8,3,0.427689395140864,0.3533995764294859,0.12489126062054003,1.4831741590088535e-05,0.9953648149263206,8.00696537957386,6
Bures-RBF,8,3,0.4230797754682549,0.3489339258774638,0.12175488462825941,1.4308024039135748e-05,0.9940314727294564,8.21322284566396,6
HS-overlap,16,4,0.9616935907233539,0.033238027621569334,0.0011047664801722061,0.8217146722765081,0.9991433671006591,905.1686650052276,6
Fidelity,16,4,0.9710726733719031,0.028918306527294352,0.0008362684524065552,0.838254124256743,0.9996833003246804,1195.7882628745226,6
HS-RBF,16,4,0.42481954153701995,0.3332728216704552,0.11107077366418702,9.581225866922227e-05,0.9875668892509215,9.003268519794545,6
Bures-RBF,16,4,0.42337963320928046,0.32095568010475906,0.10301254859150842,0.0002226171924807914,0.9843507536645747,9.707555183062741,6
HS-overlap,32,5,0.9421219029828881,0.0416070649110273,0.0017311478505104396,0.7650024222292959,0.9965195529272787,577.651411868226,6
Fidelity,32,5,0.9561723713535251,0.033944112025479756,0.0011522027411983195,0.8383178139995849,0.9985810161225273,867.902812798358,6
HS-RBF,32,5,0.40668871555240643,0.28959486482893,0.08386518573528624,0.0017283480893277138,0.9695558965636099,11.923898948443519,6
Bures-RBF,32,5,0.40301008291183527,0.2733855793554762,0.07473967499952937,0.008392674471956883,0.9605989537700254,13.379774530813748,6
HS-overlap,64,6,0.8259668860714623,0.14490747488692243,0.020998176278104054,0.33096958554956024,0.9890691116468876,47.62318340201547,6
Fidelity,64,6,0.902086136372964,0.07875979128949723,0.006203104723965163,0.6255870527906894,0.9938732905885905,161.20959495276387,6
HS-RBF,64,6,0.4052883731830103,0.3118742148412394,0.09726552588283956,0.00020077660749477438,0.962260572899368,10.281134974837254,6
Bures-RBF,64,6,0.41955722054608163,0.2902330859957076,0.08423524420659177,0.005804233145147463,0.9272177327411197,11.871515413992777,6
HS-overlap,4,2,0.9824166750730228,0.016357862519388092,0.00026757966620320176,0.8957610752745077,0.9997774876637854,3737.2047517265137,7
Fidelity,4,2,0.9752158121019839,0.02523162627223094,0.0006366349643415346,0.8525349762413308,0.9998650826758083,1570.7588429961434,7
HS-RBF,4,2,0.3925594662060253,0.2922292325538179,0.08539792435899336,0.00012809689586579408,0.9898231992130462,11.709886481505434,7
Bures-RBF,4,2,0.4024773015286524,0.30059663947881654,0.0903583396659576,7.160906486535458e-05,0.991637462786815,11.06704708936511,7
HS-overlap,8,3,0.9837270284330656,0.011815008561388202,0.00013959442730567648,0.929260232174416,0.999441286735966,7163.609746471132,7
Fidelity,8,3,0.9738957468918586,0.022826624013979842,0.0005210547638756012,0.8811309248082357,0.9995554390988132,1919.1840653408635,7
HS-RBF,8,3,0.39395416911175635,0.26604067142766374,0.07077763885368214,0.002253482123958667,0.9780607037560924,14.12875614665939,7
Bures-RBF,8,3,0.39095066561626995,0.2640776108240197,0.06973698453852241,0.0015796105538713752,0.9768837187006575,14.33959335376201,7
HS-overlap,16,4,0.9810311615894781,0.013186655288230188,0.00017388787769060917,0.9132500742705773,0.9989722954047991,5750.8321642711335,7
Fidelity,16,4,0.9680152425613274,0.024870386371021354,0.0006185361182438848,0.8427638584668112,0.9981242384355067,1616.7204638577089,7
HS-RBF,16,4,0.386252397705352,0.2528187113962091,0.06391730083203966,0.0025594459177653256,0.9505933375421457,15.645216349604247,7
Bures-RBF,16,4,0.3752633058586469,0.23133576053913357,0.05351623410421935,0.0012184581580452058,0.9260709855027719,18.68591870744428,7
HS-overlap,32,5,0.9565313990793987,0.02633191625110204,0.0006933698134550517,0.7963354658664649,0.9973432952398539,1442.2318084731935,7
Fidelity,32,5,0.9481682391400409,0.032207069490399934,0.00103729532515945,0.7225815207339712,0.9927017727914276,964.0456056680704,7
HS-RBF,32,5,0.37521420026894675,0.21487962859940477,0.046173254787018135,0.0023079644662095875,0.9213632421783111,21.657559221516166,7
Bures-RBF,32,5,0.36701141763144723,0.18562105747176885,0.034455176976937715,0.001071133704593029,0.8464246066722122,29.023214731108236,7
HS-overlap,64,6,0.913165870661965,0.0569620374635675,0.0032446737120008667,0.6045757659258242,0.994593946890465,308.1973994184266,7
Fidelity,64,6,0.9226535117373322,0.045850948845230666,0.0021023095100079596,0.6053456868042311,0.985210237231443,475.6673530893241,7
HS-RBF,64,6,0.3797406155018992,0.20666256607463032,0.042709416216550944,0.0009312230268267745,0.9128680289034335,23.414040475984674,7
Bures-RBF,64,6,0.3659883517994755,0.17459563295981192,0.030483635048637367,0.0013243061810294192,0.8012321035412227,32.80448668291941,7
HS-overlap,4,2,0.9882614639582731,0.013931385116373589,0.00019408349126071557,0.9100334222204552,0.9998845135644333,5152.421741304537,8
Fidelity,4,2,0.9926032918389073,0.009193831974512658,8.45265463755713e-05,0.9396410916534395,0.9999270370181342,11830.60284465859,8
HS-RBF,4,2,0.39519904965611913,0.32190727350072,0.10362429273266736,6.302180756813809e-08,0.98016903706327,9.650246806314287,8
Bures-RBF,4,2,0.3938439507466314,0.32139101359621525,0.1032921836204026,5.368022931120238e-08,0.9802710629589411,9.681274661352758,8
HS-overlap,8,3,0.9886777398761998,0.011745688962349999,0.00013796120920027058,0.917447139689949,0.9999011370409786,7248.414288311694,8
Fidelity,8,3,0.9920854179980751,0.008965365977473477,8.037778711003895e-05,0.9357258084512475,0.9999401812197455,12441.24820991872,8
HS-RBF,8,3,0.3887492977357302,0.3003486802700862,0.09020932973998247,3.9833109596291166e-07,0.9858761553468036,11.085327902140273,8
Bures-RBF,8,3,0.3909466815089517,0.2974443940646309,0.08847316756047545,6.283814077155625e-07,0.9870117530463355,11.30286195886967,8
HS-overlap,16,4,0.9903420744342942,0.008707252761153528,7.581625064661573e-05,0.9396609063153859,0.9995133660136948,13189.78439940353,8
Fidelity,16,4,0.9919127804293564,0.00880838331291033,7.758761658715717e-05,0.9388395138918445,0.9997844684660718,12888.654710467375,8
HS-RBF,16,4,0.3842667007532062,0.28940058221144754,0.0837526969843248,1.6881031097056218e-06,0.9574057041003915,11.93991400882482,8
Bures-RBF,16,4,0.38436920838334016,0.2837565588262021,0.0805177846768879,2.5660114506870487e-06,0.9563194722009309,12.4196164116155,8
HS-overlap,32,5,0.9827763615325714,0.010166216505677885,0.00010335195804031748,0.9251309082164005,0.9966992681428648,9675.675419810636,8
Fidelity,32,5,0.9859787559130274,0.009543587821583946,9.108006850828539e-05,0.9314314681573055,0.9979498925767119,10979.350547030295,8
HS-RBF,32,5,0.3620314948646581,0.2279224979671481,0.051948665079584636,0.00041000722830522373,0.879849332006125,19.24977279912802,8
Bures-RBF,32,5,0.36018683070502633,0.1879792338454986,0.03533619235714065,0.0019404653530459034,0.8323113910700579,28.299596908831134,8
HS-overlap,64,6,0.9562919712491746,0.03955921909959575,0.001564931815769821,0.7870766628072942,0.9941348457231975,639.0054760999797,8
Fidelity,64,6,0.9697238858068057,0.024722895892327935,0.0006112215813028855,0.8630915922988731,0.9948782364719639,1636.067885345918,8
HS-RBF,64,6,0.35028035645937466,0.23173428212642427,0.053700777512649206,0.00011252274450991276,0.8360295764438852,18.621704308926443,8
Bures-RBF,64,6,0.3435543215015369,0.19527772084052647,0.038133388256670585,0.0011932991108149639,0.7841264850275351,26.223738453796386,8
HS-overlap,4,2,0.9929240104099218,0.0070402420265094825,4.956500779183035e-05,0.95732409794984,0.9998010009558622,20175.523913966317,9
Fidelity,4,2,0.9914411215817353,0.006889581795175826,4.746633731241815e-05,0.9547555115056476,0.9996812028340812,21067.561910625445,9
HS-RBF,4,2,0.3919700734676818,0.2643181676820269,0.06986409376678411,0.0004769921399931125,0.9562983277054846,14.31350420629711,9
Bures-RBF,4,2,0.3885866853895878,0.24987540369460876,0.062437717371543695,0.0009534138406988557,0.9527030929304031,16.015960257633555,9
HS-overlap,8,3,0.9901564447016777,0.008561538305626922,7.32999381587171e-05,0.9494061734609444,0.9995008057736381,13642.576312065774,9
Fidelity,8,3,0.9881819927939492,0.008076681176011154,6.523277881893293e-05,0.946445325285906,0.9992827600807993,15329.716411065468,9
HS-RBF,8,3,0.38021091890082426,0.23782183249923056,0.056559224013292074,0.001388823316817675,0.9367052620897474,17.6805820349478,9
Bures-RBF,8,3,0.3819968960134123,0.21269692642292565,0.04523998250975945,0.004081414443315798,0.9298888110372843,22.104340994921337,9
HS-overlap,16,4,0.9792802454823962,0.01857495265677252,0.00034502886620134057,0.8962689585226893,0.9990895860866418,2898.3082227573764,9
Fidelity,16,4,0.9749165482536691,0.016573175272541242,0.0002746701386143725,0.8931000009892631,0.9983929071357911,3640.7306780587674,9
HS-RBF,16,4,0.38708286031727585,0.24277593654019342,0.05894015536296802,0.000553966764111528,0.9288873468549623,16.96636179259714,9
Bures-RBF,16,4,0.39657003808214103,0.22160870461078408,0.04911041795926975,0.006941608406209337,0.9298832245231557,20.362278342435626,9
HS-overlap,32,5,0.9529589045166008,0.027783977958645588,0.0007719494312065038,0.8486833230589509,0.9916452074617854,1295.421642369849,9
Fidelity,32,5,0.9402233126051677,0.030403695956547867,0.000924384727818205,0.8543099613589321,0.9869517112452292,1081.8006506449617,9
HS-RBF,32,5,0.38401872540837706,0.19880318258716723,0.03952270540678655,0.023167649637150324,0.8203010606765556,25.30191164060058,9
Bures-RBF,32,5,0.3829022499336858,0.18934870645885032,0.03585293263763987,0.06411090927539095,0.7885947535366881,27.891721162864073,9
HS-overlap,64,6,0.9093895050178186,0.029461146667148316,0.0008679591629432244,0.8063127125881369,0.965871670688897,1152.1279372280937,9
Fidelity,64,6,0.907223244667748,0.026103869681606204,0.0006814120123542795,0.824623937759444,0.9580947452399924,1467.5409031094102,9
HS-RBF,64,6,0.36670038990452614,0.12275115069560827,0.01506784499709593,0.043075892668829475,0.6715927270589331,66.36649104053917,9
Bures-RBF,64,6,0.3765481889170463,0.10570283223356296,0.011173088742196755,0.1400707142189239,0.6357922043009088,89.50076590937277,9
HS-overlap,4,2,0.9951253673628961,0.0037126018843939264,1.3783412752005334e-05,0.9760306763547423,0.9998308155863562,72550.97253432471,10
Fidelity,4,2,0.9923450388396474,0.007660449666718061,5.868248909632085e-05,0.9364965928469221,0.9997960755429912,17040.858617271842,10
HS-RBF,4,2,0.388472104000126,0.25315241634008523,0.06408614589882386,0.00010597626313619867,0.9610916376290968,15.603996557676478,10
Bures-RBF,4,2,0.3936047261728196,0.2725614718154226,0.07428975591818943,5.068231503716295e-06,0.9622093410764883,13.460806104966023,10
HS-overlap,8,3,0.9935608342062341,0.004602079783922536,2.1179138337588494e-05,0.9661519869587242,0.999448966227016,47216.274055173024,10
Fidelity,8,3,0.9884214900263085,0.009399226604304365,8.834546075906297e-05,0.9356081537024861,0.9995514390657264,11319.200685672065,10
HS-RBF,8,3,0.3866849741127317,0.23271216502059344,0.05415495174857192,0.0007925877347780669,0.9285337846804247,18.465532102082804,10
Bures-RBF,8,3,0.37645844740030254,0.22864845588774024,0.0522801163798479,0.000582429438196278,0.9502384777767101,19.12773094716109,10
HS-overlap,16,4,0.9921881671399675,0.0053447910751590845,2.8566791637100206e-05,0.9623592854105573,0.9989599389160279,35005.681166564114,10
Fidelity,16,4,0.9840381728007733,0.01154978482387111,0.0001333975294777234,0.9285558295986494,0.9985156046139214,7496.3907046494,10
HS-RBF,16,4,0.3759261778984389,0.2184341092705073,0.04771346009279993,0.0009083197471007718,0.8925213973636251,20.958446485646977,10
Bures-RBF,16,4,0.3694281994675631,0.20777747010134776,0.04317147708171646,0.0031574059693103233,0.8891393674702515,23.163441874068045,10
HS-overlap,32,5,0.9850241673111558,0.010901863093520337,0.0001188506189098608,0.9254396782877634,0.997296711073751,8413.923370129223,10
Fidelity,32,5,0.9757818610991648,0.015267851612308299,0.00023310729285546511,0.9045541863585642,0.9957599039434661,4289.8700754936735,10
HS-RBF,32,5,0.37511129935236387,0.2023847907318018,0.0409596035195552,0.0012304193598345146,0.8448279053828984,24.414298823048263,10
Bures-RBF,32,5,0.36344581978871,0.18004798051826704,0.03241727528870626,0.0077066346331558155,0.8097010222959589,30.84774988317375,10
HS-overlap,64,6,0.9774013429464016,0.01497870095567251,0.00022436148231946455,0.9132420833775143,0.9965798404511301,4457.093034249599,10
Fidelity,64,6,0.9678105694296755,0.015865264042462756,0.0002517066031370617,0.8959009987124417,0.9931489625738384,3972.879485626646,10
HS-RBF,64,6,0.3655923323472984,0.19160340870955214,0.036711866229119684,0.005996656155260546,0.8424758058295235,27.239149155724604,10
Bures-RBF,64,6,0.35842271371061213,0.14999188811570557,0.022497566500514335,0.02252030526183527,0.7839642494975635,44.449251876959146,10
IQP-entangled,2,2,0.4778860100856582,0.26714525722484483,0.0713665884577285,0.0005348719130230705,0.9993123696296662,14.012159213583748,1
IQP-product,2,2,0.5058810289680193,0.2790156071406006,0.07784970902803798,4.21345773179104e-34,0.999670687201908,12.845263167776835,1
IQP-entangled,3,3,0.21894692943326563,0.20296955239874187,0.04119663920094562,4.576949809576432e-06,0.99566655260252,24.273824743865177,1
IQP-product,3,3,0.3880845184127767,0.2616045407490236,0.06843693574050755,1.3366177658584628e-34,0.9976326714258013,14.611992620354917,1
IQP-entangled,4,4,0.13367071072820708,0.15195173395310543,0.023089329451355334,3.1085370954571825e-07,0.972991067906665,43.31004943676701,1
IQP-product,4,4,0.2688873715312289,0.2352192524937693,0.05532809674372759,3.572605815366272e-35,0.9922379337800526,18.07399962864921,1
IQP-entangled,5,5,0.07156044880756483,0.10055271018653462,0.010110847525857225,8.030074026252263e-05,0.9543550608263508,98.90367720832752,1
IQP-product,5,5,0.21742716930564274,0.20745859389215782,0.04303906817971126,6.896316197195884e-35,0.9836541799074631,23.234703777146432,1
IQP-entangled,6,6,0.03951763227448071,0.06642198601625102,0.004411880226343046,1.5974043956865495e-05,0.629853776135109,226.660731637515,1
IQP-product,6,6,0.18419827122363558,0.1869491491790107,0.034949984378755995,3.723567364622222e-35,0.9428361162866261,28.612316078969126,1
IQP-entangled,2,2,0.49267983708679874,0.28410367334195463,0.08071489720639208,8.545514861809162e-05,0.9996489675487009,12.389286669633604,2
IQP-product,2,2,0.5423172601902757,0.29604917922205687,0.08764511651805354,9.201238964904732e-34,0.9998117263623919,11.40964881704522,2
IQP-entangled,3,3,0.24339654197537697,0.21930672581403474,0.048095439987272205,7.683934613886194e-05,0.9776244214241294,20.79199192822929,2
IQP-product,3,3,0.38497415457613954,0.26514705211503853,0.07030295924529495,2.6747625741701535e-34,0.9938628260188462,14.224152307883475,2
IQP-entangled,4,4,0.13070328358699437,0.1530775965124797,0.023432750554037544,0.0003456836026010515,0.9599033575884615,42.675314521610716,2
IQP-product,4,4,0.26800977172084467,0.23228737825988868,0.05395742609885261,7.210881937245693e-35,0.9928760767221239,18.533130141677844,2
IQP-entangled,5,5,0.0656655004395695,0.09545249768703264,0.009111179314692972,3.394870081274983e-05,0.7373329379731406,109.75527595943248,2
IQP-product,5,5,0.193903228838177,0.19309617917124489,0.03728613441053351,5.758844078062062e-35,0.878565382220535,26.819621175787407,2
IQP-entangled,6,6,0.04523570033297687,0.07116707505642414,0.005064752572086707,4.394125414654481e-06,0.6369035014093696,197.443011433823,2
IQP-product,6,6,0.16034068450859565,0.168832066653284,0.028504266730418937,1.0627356385451735e-35,0.8762229605847166,35.08246710773404,2
IQP-entangled,2,2,0.38949191686411444,0.2781856594540094,0.07738726112586211,0.00040720695948557976,0.998888818970635,12.922023411238277,3
IQP-product,2,2,0.4282925793302642,0.31319783135899465,0.09809288156797727,7.711055312945032e-35,0.9993827066650764,10.194419656303104,3
IQP-entangled,3,3,0.20525188791270374,0.2067193124188055,0.04273287412690372,1.2376900948670362e-05,0.9571134326982791,23.401187503332967,3
IQP-product,3,3,0.2982977329767689,0.27796485703387996,0.07726446174586532,4.9125434695340654e-34,0.9894638057312753,12.942560879918553,3
IQP-entangled,4,4,0.1029162200998446,0.13136705184887973,0.017257302311466258,1.1501341350650685e-05,0.9050534453832265,57.9464844476631,3
IQP-product,4,4,0.2504288618031801,0.24904921807779312,0.062025513025160156,1.2278118132448526e-34,0.9824740711403582,16.12239788479231,3
IQP-entangled,5,5,0.05510971025967871,0.09015113004510322,0.008127226248409112,1.0667404362242074e-05,0.8355594750106059,123.04320926167743,3
IQP-product,5,5,0.19644300979543725,0.21228466767539153,0.04506478013005142,1.0410507946109925e-34,0.9540034294390778,22.190278020088478,3
IQP-entangled,6,6,0.029086137113424646,0.05079429649053124,0.0025800605559679946,5.720873585976161e-06,0.538049198962052,387.58780203312597,3
IQP-product,6,6,0.13717924704041887,0.16307153142140307,0.026592324360121652,7.71587093783551e-35,0.8770431704117986,37.60483613458095,3
IQP-entangled,2,2,0.44575154898558633,0.2715698778084381,0.07375019853289001,0.003226636308306531,0.9970198752845282,13.559285532689582,4
IQP-product,2,2,0.47629182221692407,0.29666836168427857,0.08801211682443393,3.5070510962683412e-34,0.9983567865409466,11.362071906471632,4
IQP-entangled,3,3,0.20807064729044883,0.19840122162683257,0.03936304474301954,0.0002883981878032967,0.9611562884654666,25.404538864523058,4
IQP-product,3,3,0.3611155553953363,0.26727029128625907,0.07143340860424176,1.2573624868706374e-34,0.9771826595499937,13.999051977769117,4
IQP-entangled,4,4,0.10874447864618983,0.12821051965086927,0.016437937349145938,3.517905441439495e-05,0.9023887267346301,60.83488328004589,4
IQP-product,4,4,0.24800544974343122,0.2172185456185466,0.04718389656063661,1.442987975107244e-34,0.9710743969329391,21.193671419546448,4
IQP-entangled,5,5,0.04768682104599181,0.06508018880937537,0.004235430975463947,6.456888588959682e-05,0.5795201198587726,236.1034817455526,4
IQP-product,5,5,0.16186562010409247,0.16897682819027743,0.028553168465246536,2.1437568541853968e-35,0.8402293681532247,35.02238293508999,4
IQP-entangled,6,6,0.027022905724782373,0.039790845781077853,0.0015833114079735213,1.2746504730744975e-05,0.40415862875386777,631.587693339429,4
IQP-product,6,6,0.1238446966383933,0.1416826797108992,0.020073981730061252,5.141815269339685e-35,0.8174770555287225,49.815727315447184,4
IQP-entangled,2,2,0.4786095341186917,0.26161786449101854,0.06844390702084094,0.007074914187157723,0.9999768129819736,14.61050433160549,5
IQP-product,2,2,0.5805696717114721,0.29228115410478817,0.08542827304482692,3.1412755014650085e-33,0.9997459552111695,11.705726504330345,5
IQP-entangled,3,3,0.16905701063743117,0.17945918882217116,0.03220560045271168,0.0005581568708320409,0.9500365791396723,31.050500097594078,5
IQP-product,3,3,0.3874615390205292,0.2700100468018765,0.07290542537395153,3.053830734417715e-34,0.995213534551959,13.716400320973797,5
IQP-entangled,4,4,0.09133366029078449,0.11320794102330739,0.012816037910736645,0.00017997308576855786,0.933503676359644,78.0272348572135,5
IQP-product,4,4,0.28205164849461034,0.2281845767769644,0.05206820107888236,3.7442069668154816e-33,0.98858644545229,19.205579975482895,5
IQP-entangled,5,5,0.04617035677384992,0.06962560219703504,0.00484772448129977,3.6997483696623545e-05,0.835142328190466,206.2823503805811,5
IQP-product,5,5,0.19641787700922586,0.18831956733188096,0.03546425944006685,1.1075128938601818e-33,0.9578131185225689,28.19740256214737,5
IQP-entangled,6,6,0.022560449447633336,0.041948417722101054,0.001759669749387882,4.1593453938655634e-06,0.7017656230467229,568.28845318723,5
IQP-product,6,6,0.1384672802379875,0.15262204770116733,0.023293489444497398,8.732110735820674e-34,0.9008341752844947,42.93045069021332,5
IQP-entangled,2,2,0.3816636828146647,0.33375200854277115,0.11139040320633398,0.0006297008269993438,0.9999163612727169,8.977434062678185,6
IQP-product,2,2,0.4332883232025913,0.3565175168772521,0.12710473984032172,6.506084710532764e-36,0.9999541716820216,7.867527216186219,6
IQP-entangled,3,3,0.22278929845145784,0.2251189971070793,0.05067856285849718,8.255185447181327e-05,0.9618235041597325,19.73220911556161,6
IQP-product,3,3,0.29482993234804783,0.3157889593834082,0.09972266686845582,2.287716470659329e-34,0.9912948363165779,10.027810440720565,6
IQP-entangled,4,4,0.12018388931226348,0.16027255848913174,0.025687293004652154,0.0001727149839373573,0.9005568419188372,38.92975409354706,6
IQP-product,4,4,0.22317500891879213,0.26538433947287915,0.07042884763745637,1.4622191047030576e-34,0.9829307581623679,14.19872727646572,6
IQP-entangled,5,5,0.05754377653746371,0.08572097751847187,0.007348085986722358,4.7247318728221745e-06,0.8473802685093071,136.08986092527394,6
IQP-product,5,5,0.16306113977754766,0.21479074538386092,0.046135064302554575,3.89487314959373e-36,0.9733269570985825,21.675487291878085,6
IQP-entangled,6,6,0.03090565183200568,0.05864102150753552,0.0034387694034472434,4.655545750234939e-06,0.8032261129490788,290.8017033644465,6
IQP-product,6,6,0.11598942221908673,0.16608503691069287,0.027584239485626213,1.8479270167713993e-35,0.9421197738194979,36.252585485312615,6
IQP-entangled,2,2,0.46436564475298997,0.2562051822613067,0.06564109541754938,0.0021236009577310804,0.9975683789585214,15.23435880585025,7
IQP-product,2,2,0.4739310031124258,0.29190145187463157,0.08520645760651784,2.875039978593494e-36,0.9996664948805312,11.736199674184148,7
IQP-entangled,3,3,0.1884997559037896,0.17995271853448333,0.03238298090795098,1.0798749378464822e-05,0.9743755327456304,30.880418416158548,7
IQP-product,3,3,0.3279193300986482,0.25378216498100437,0.06440538726244573,1.921575510010325e-36,0.9863088262184209,15.526651457355527,7
IQP-entangled,4,4,0.10428313854359282,0.11629487676659861,0.013524498362158357,3.651474986029436e-05,0.8911294554530884,73.93989582622947,7
IQP-product,4,4,0.23508844488481279,0.21318168310001873,0.04544643000935681,5.211921957257562e-35,0.9593375058663339,22.00392857687861,7
IQP-entangled,5,5,0.057289579370341515,0.07674082792527316,0.005889154670656384,1.454503012585279e-05,0.7714644746306573,169.80365704820986,7
IQP-product,5,5,0.16938148807058218,0.17322715152690907,0.030007646026126714,5.688114559368402e-35,0.9363934827926605,33.32483991344511,7
IQP-entangled,6,6,0.029340751364217075,0.047180653176074325,0.0022260140341210126,7.60003802049448e-06,0.6002506741863209,449.23346603916207,7
IQP-product,6,6,0.12308288679847608,0.1376651596373636,0.0189516961779808,4.854587742290456e-35,0.7692761371035333,52.76572559040172,7
IQP-entangled,2,2,0.37364782816902975,0.2984631720595594,0.08908026507585416,4.5925005486072925e-05,0.9999958467084994,11.225830986790104,8
IQP-product,2,2,0.4570580449842207,0.3686100502397205,0.13587336913772927,1.9835983143868057e-34,0.999993280209817,7.359793948925643,8
IQP-entangled,3,3,0.1728421391005282,0.18174468491697301,0.0330311304955698,0.00013102653753392914,0.9366735851728771,30.274470930812434,8
IQP-product,3,3,0.3365965768008973,0.31197176579805247,0.0973263826551549,4.985357804969596e-35,0.9901488777576548,10.274706330586456,8
IQP-entangled,4,4,0.08526800162862402,0.11829029396468212,0.01399259364625091,3.016636695051936e-05,0.8472090288429535,71.46637894883297,8
IQP-product,4,4,0.23147380884066582,0.2575966473120212,0.06635603270639384,3.9911643003222006e-35,0.9861621344647697,15.070219831024398,8
IQP-entangled,5,5,0.052362659863053024,0.08942704029521228,0.007997195535961522,3.0909490085784955e-05,0.768766239339682,125.0438351173525,8
IQP-product,5,5,0.17766591587047953,0.21418571198680528,0.0458755192192947,1.421021581028964e-35,0.94923645246425,21.798118408639436,8
IQP-entangled,6,6,0.02836272986267571,0.050906245711409025,0.0025914458524303498,5.774732340055128e-06,0.6659781604592168,385.88496806219763,8
IQP-product,6,6,0.12419044215762377,0.16936499368930671,0.028684501087378904,2.3421585619187366e-35,0.9408771614658603,34.86203218085592,8
IQP-entangled,2,2,0.42904780723422986,0.2596493929742886,0.06741780727191653,0.0005815746373605894,0.9992584683021855,14.832876364054615,9
IQP-product,2,2,0.48851611564588676,0.29948436572288434,0.08969088531243835,9.540062946726156e-34,0.9982483629576776,11.149404942503336,9
IQP-entangled,3,3,0.17039595338621835,0.18264349700995958,0.033358647000027115,0.00012149103844253445,0.9943314349420844,29.977234987953413,9
IQP-product,3,3,0.36246226617803295,0.27715440069605823,0.0768145618251912,4.11544138803148e-35,0.9970201743406089,13.018364958921783,9
IQP-entangled,4,4,0.09249891558778595,0.10836431478778323,0.011742824719425777,3.184469983748783e-05,0.9051636130859494,85.15838598405819,9
IQP-product,4,4,0.25374648710133035,0.2302543166842849,0.05301705035174696,5.606983178924048e-35,0.9603810990269306,18.86185657944754,9
IQP-entangled,5,5,0.05059471434463926,0.06786708621120383,0.004605941390798972,0.0001225724440729384,0.6711201197274405,217.1108824783666,9
IQP-product,5,5,0.18116322300385687,0.18987677698587127,0.0360531904385423,3.0977612791438203e-35,0.9385264814673062,27.736796323327884,9
IQP-entangled,6,6,0.026901948147315297,0.04304100891409432,0.0018525284483431467,2.663237040028262e-06,0.5225963139256183,539.8027765211239,9
IQP-product,6,6,0.14039277654703872,0.16353012478943,0.026742101713646545,1.6854074155951814e-35,0.9039964039579184,37.394218700832255,9
IQP-entangled,2,2,0.39619420346358036,0.2777807197890821,0.07716212828654055,0.000898450929961308,0.9992750764581619,12.959725479402449,10
IQP-product,2,2,0.4181480097454878,0.3274738947813295,0.10723915176325327,6.192928801833598e-36,0.9996137205639491,9.32495253419807,10
IQP-entangled,3,3,0.17468850941744207,0.18616446963645822,0.034657209755023774,0.00016469731391651626,0.9714126024379056,28.854025095169234,10
IQP-product,3,3,0.31790550016048147,0.28649898283282405,0.08208166716424281,1.3938857902555875e-34,0.992474602503195,12.182988413223038,10
IQP-entangled,4,4,0.07697214799936834,0.09657246095036438,0.009326240214009653,3.06865266712361e-05,0.7820083247773448,107.22434518658699,10
IQP-product,4,4,0.24068278078936986,0.23972210316702536,0.05746668674682195,1.001158069732732e-34,0.9724995298321301,17.40138603093039,10
IQP-entangled,5,5,0.03987427918819945,0.05511204601822399,0.0030373376163148388,3.902268123185476e-06,0.49755263253344106,329.23570782140666,10
IQP-product,5,5,0.16407140606034362,0.1919227429634828,0.03683433926662709,1.0980723037667075e-35,0.9088801640400269,27.148579828226406,10
IQP-entangled,6,6,0.02442253372376291,0.04181493144452056,0.001748488491709954,7.224212855393386e-06,0.575049578210284,571.9225518161911,10
IQP-product,6,6,0.13217086268925823,0.1671317678693995,0.027933027831150845,5.875391848217623e-36,0.8429205359930326,35.799914210689415,10
