subject,frame,kernel,mean,std,var,shots_for_1sigma
1,sensor,HS-overlap,0.9908160790354567,0.010084766051826875,0.0001017025063200798,9832.599374225681
1,sensor,Fidelity,0.9880684300657451,0.00990642170824436,9.813719106157508e-05,10189.816818504223
1,sensor,Bures-d2,0.011992616031655473,0.010018061205561396,0.00010036155031837424,9963.97521588424
1,sensor,QRE,0.028883732925598853,0.024816690898102567,0.0006158681471319669,1623.7241764440892
1,reference,HS-overlap,0.8855730295613317,0.06060643648889128,0.0036731401438820127,272.24662300609504
1,reference,Fidelity,0.942669245728602,0.02836346528291102,0.0008044861628548986,1243.0294592653738
1,reference,Bures-d2,0.058402133142936595,0.029575434578534145,0.0008747063305091532,1143.2408399490093
1,reference,QRE,0.11933088987830938,0.06167282435600799,0.003803537264047012,262.9131596665329
2,sensor,HS-overlap,0.9776002252098509,0.018091947286429485,0.00032731855661494326,3055.127733489298
2,sensor,Fidelity,0.9835158862849077,0.01346216609805829,0.00018122991605170995,5517.852801491516
2,sensor,Bures-d2,0.016599542428040057,0.013644414350592403,0.0001861700429706519,5371.433470408778
2,sensor,QRE,0.036841753341382615,0.029670972169274782,0.0008803665894698787,1135.890448321261
2,reference,HS-overlap,0.8577263969159714,0.0640252054020603,0.004099226926776011,243.948436586429
2,reference,Fidelity,0.9236230287050988,0.035753904474301976,0.001278341685157511,782.2634680623631
2,reference,Bures-d2,0.07826697665707673,0.03787217730290007,0.0014343018136622995,697.2033295047105
2,reference,QRE,0.1607055775155523,0.07919227810494335,0.006271416911450689,159.45359942091338
3,sensor,HS-overlap,0.9915984558213536,0.0066335243583693845,4.400364541307996e-05,22725.389921962076
3,sensor,Fidelity,0.9823750911262348,0.01376577967352898,0.0001894966900201436,5277.137030170286
3,sensor,Bures-d2,0.017752244878618158,0.013935631352035138,0.00019420182117982465,5149.282297790772
3,sensor,QRE,0.04084403733106168,0.030064441851904815,0.0009038706638665659,1106.3529772304075
3,reference,HS-overlap,0.846462944370764,0.06828103852381667,0.0046623002218909365,214.4864020778181
3,reference,Fidelity,0.9193017690202319,0.03519871957455735,0.0012389498596883266,807.1351654630822
3,reference,Bures-d2,0.08275021765471932,0.036882898176535985,0.0013603481779007214,735.1059208556387
3,reference,QRE,0.17038033178028855,0.07701108503919535,0.005930707218914177,168.6139549783887
4,sensor,HS-overlap,0.9871510353685061,0.01383459481736139,0.00019139601376056263,5224.769212022383
4,sensor,Fidelity,0.9937057550335482,0.007104980418793543,5.048074675143967e-05,19809.532630804057
4,sensor,Bures-d2,0.006317022205231565,0.00715570999809462,5.12041855768313e-05,19529.653459667108
4,sensor,QRE,0.012937624137171115,0.014422307598100485,0.00020800295645422698,4807.62397346049
4,reference,HS-overlap,0.9007960296186748,0.03898135200621151,0.0015195458042321698,658.0913831059554
4,reference,Fidelity,0.9480568938581847,0.020184287409227848,0.0004074054582183139,2454.5571980632035
4,reference,Bures-d2,0.05274776481359468,0.020887986841407913,0.00043630799428683004,2291.958921437037
4,reference,QRE,0.10738112547306529,0.04310550179312048,0.0018580842848367133,538.1887184347394
5,sensor,HS-overlap,0.9708305988333346,0.032727512000802955,0.0010710900417627016,933.6283234921052
5,sensor,Fidelity,0.9841469602553636,0.018477533171898704,0.00034141923211861695,2928.950410305465
5,sensor,Bures-d2,0.016005409043315044,0.018796384654256877,0.0003533040760707834,2830.4230483875117
5,sensor,QRE,0.03265115875649673,0.0380205271826253,0.0014455604872447496,691.7731971949568
5,reference,HS-overlap,0.8942473203314244,0.05168299065152999,0.002671131522686136,374.3731791216266
5,reference,Fidelity,0.9444155314426199,0.026604628379862758,0.0007078062512305988,1412.8160047490262
5,reference,Bures-d2,0.05657669838851294,0.027712750206107844,0.0007679965239861304,1302.0892266669418
5,reference,QRE,0.11544055299805049,0.057632656102899076,0.00332152304947503,301.0667049738074
6,sensor,HS-overlap,0.9553487041291252,0.04447726757156636,0.001978227330632708,505.5030756653049
6,sensor,Fidelity,0.9713503042736237,0.0312237665110153,0.0009749235951344006,1025.7214052370355
6,sensor,Bures-d2,0.029119859846130088,0.032135498153220636,0.001032690241555647,968.3445817146463
6,sensor,QRE,0.05954627892294148,0.06497690379141131,0.004221998026318323,236.8546820169934
6,reference,HS-overlap,0.7632066709677968,0.15444289946513542,0.02385260919519793,41.92413466453484
6,reference,Fidelity,0.8591537755619648,0.09557024314341404,0.009133671374491278,109.48499885739511
6,reference,Bures-d2,0.14916775145044983,0.10504803652079633,0.01103508997687456,90.6200132573117
6,reference,QRE,0.32143894191533384,0.23462842273907294,0.05505049675702512,18.16514035129733
7,sensor,HS-overlap,0.9800384491018714,0.014906821389216573,0.00022221332393000472,4500.180197632934
7,sensor,Fidelity,0.9713369200237703,0.02333601576459746,0.0005445696317655412,1836.312459726986
7,sensor,Bures-d2,0.029016293012345068,0.02389365782557541,0.000570906884285681,1751.5991268019138
7,sensor,QRE,0.06525339913607199,0.05072065989037042,0.0025725853397146306,388.71402420062265
7,reference,HS-overlap,0.8675772654732418,0.05615628539493133,0.003153528389356978,317.10512052942244
7,reference,Fidelity,0.9287570767872374,0.03053018436088206,0.0009320921571094473,1072.8552883667048
7,reference,Bures-d2,0.07282372030993273,0.03193578163910087,0.0010198941489003325,980.4939081945095
7,reference,QRE,0.14981783343138114,0.06663959884606684,0.004440836134364712,225.1828191231055
8,sensor,HS-overlap,0.9885767784971655,0.012102326701225734,0.00014646631158320137,6827.508586723316
8,sensor,Fidelity,0.9921976211519145,0.00888075348090675,7.886778238863735e-05,12679.448688848543
8,sensor,Bures-d2,0.007837808595068111,0.008960342870531813,8.028774435749029e-05,12455.20107710819
8,sensor,QRE,0.016196031382250783,0.01807816865283198,0.00032682018184023684,3059.7865602095562
8,reference,HS-overlap,0.9032385376762374,0.037393289672772,0.001398258112551837,715.1755394967732
8,reference,Fidelity,0.9496640779836026,0.018676090711058545,0.00034879636424768726,2867.002361555237
8,reference,Bures-d2,0.05108057035175067,0.019218966516257534,0.0003693686739530282,2707.3221702801134
8,reference,QRE,0.10418818222264918,0.0396618920961437,0.001573065684646146,635.7013631156448
9,sensor,HS-overlap,0.9894218698902383,0.009086439245755733,8.256337816681003e-05,12111.90750915754
9,sensor,Fidelity,0.9878488632202169,0.007983153054279825,6.373073268805731e-05,15691.01684260713
9,sensor,Bures-d2,0.012204592035638706,0.008054126685338628,6.48689566634838e-05,15415.69421545703
9,sensor,QRE,0.029379663241460578,0.019213883702332162,0.0003691733269267454,2708.7547421821964
9,reference,HS-overlap,0.9135240358073993,0.03242020631794458,0.0010510697776980936,951.411620063951
9,reference,Fidelity,0.9551570445783225,0.016803113838596503,0.0002823446346728333,3541.77086155276
9,reference,Bures-d2,0.0454337178663999,0.017286615045320346,0.00029882705972509574,3346.4171582049644
9,reference,QRE,0.09221752154602836,0.03540379213045476,0.0012534284972164505,797.8117636712014
10,sensor,HS-overlap,0.9920063176858399,0.005612143903689255,3.149615919571647e-05,31749.903021064285
10,sensor,Fidelity,0.9859804449178177,0.010315375876757854,0.00010640697947879787,9397.879771592005
10,sensor,Bures-d2,0.014096459235318753,0.010435825294264872,0.00010890644957241852,9182.192642640868
10,sensor,QRE,0.0322741775391935,0.022337719650569625,0.0004989737191874444,2004.1135665991662
10,reference,HS-overlap,0.8522280539164707,0.05822307043900018,0.0033899259313447763,294.9916960584747
10,reference,Fidelity,0.9203901552611569,0.0326024510652442,0.0010629198154616427,940.8047394108316
10,reference,Bures-d2,0.08156639115390184,0.03425068604221857,0.001173109494362626,852.4353479410889
10,reference,QRE,0.16741513903351246,0.07102830998097533,0.00504502081875352,198.21523754327566
11,sensor,HS-overlap,0.9739632570256311,0.03205125393516901,0.0010272828788166872,973.4417078496296
11,sensor,Fidelity,0.988927156812619,0.013769711574506401,0.00018960495684509554,5274.123718279081
11,sensor,Bures-d2,0.01115260228259481,0.013951911810975366,0.0001946558431812339,5137.271934184642
11,sensor,QRE,0.02247430441658682,0.028154303362877036,0.0007926647978489092,1261.5673140951203
11,reference,HS-overlap,0.8931994135211212,0.05275718261219471,0.00278332031717646,359.2831173001497
11,reference,Fidelity,0.9448467054498542,0.025838476752706806,0.00066762688090017,1497.8426252874765
11,reference,Bures-d2,0.05612085764817657,0.0268458884925554,0.0007207017289547184,1387.5365630804943
11,reference,QRE,0.11452013498666871,0.05566495489946683,0.0030985872039596763,322.7277253072312
12,sensor,HS-overlap,0.9801035165843991,0.026590576287550467,0.0007070587473040412,1414.3096366644504
12,sensor,Fidelity,0.986968090903941,0.021030870752255116,0.00044229752459805973,2260.9215389770843
12,sensor,Bures-d2,0.013191033692584404,0.021505697296810965,0.00046249501622206253,2162.1854613020514
12,sensor,QRE,0.02709164363470883,0.04421582129019483,0.001955038852366446,511.4987862208291
12,reference,HS-overlap,0.8808620778323155,0.0848573806765209,0.007200775055279983,138.8739395860933
12,reference,Fidelity,0.9356156390510524,0.05250527668633669,0.0027568040799087717,362.7388711761817
12,reference,Bures-d2,0.06628181213405818,0.05653782911173182,0.0031965261206673905,312.8396147099883
12,reference,QRE,0.13615739568261834,0.11957831796752212,0.014298974127941823,69.93508702459194
13,sensor,HS-overlap,0.967030598783076,0.030226915443937262,0.000913666417254933,1094.4913604293918
13,sensor,Fidelity,0.9596294161244918,0.02972600755805913,0.0008836355253417885,1131.6883164166604
13,sensor,Bures-d2,0.041027262130353036,0.030716067154867254,0.0009434767814623148,1059.9094960769237
13,sensor,QRE,0.09603710501254356,0.0723091980149362,0.005228620117563253,191.25504961451284
13,reference,HS-overlap,0.8591780198614488,0.0693273733048996,0.004806284689356907,208.06091703523342
13,reference,Fidelity,0.9232289463141953,0.03884968474950518,0.0015092980051359358,662.5596778085812
13,reference,Bures-d2,0.07874299471622159,0.04107681712095283,0.001687304904788204,592.6611113155766
13,reference,QRE,0.16183996352206365,0.08600374542489235,0.007396644227109693,135.19644440040335
14,sensor,HS-overlap,0.9877426930019924,0.009055539567522896,8.200279685897276e-05,12194.706013744699
14,sensor,Fidelity,0.9786546347897542,0.021831234596389873,0.00047660280400261016,2098.1832074880604
14,sensor,Bures-d2,0.021587193954786196,0.022389909229829853,0.00050130803532002,1994.7815106566763
14,sensor,QRE,0.04729901572252508,0.04616926154086968,0.002131600711229228,469.13101254471394
14,reference,HS-overlap,0.8808495903323195,0.041242994310896224,0.0017009845797286184,587.8948062889223
14,reference,Fidelity,0.9361104692447555,0.022903056390142458,0.0005245499920100452,1906.3959874788252
14,reference,Bures-d2,0.06509060166699576,0.023822200184560598,0.000567497221633279,1762.1231644482086
14,reference,QRE,0.13314011556404265,0.04939243445155248,0.002439612581050908,409.9011489640833
