subject,direction,frame,pipeline,group,accuracy,auc,best,n_train,n_test
1,0train->1test,sensor,classical/TS+LR,classical,0.8472222222222222,0.9149305555555556,"{""clf__C"": 0.1}",144,144
1,0train->1test,sensor,classical/MDM,classical,0.7986111111111112,0.9052854938271606,{},144,144
1,0train->1test,sensor,control/riemann-kernel-SVM,control,0.875,0.9328703703703705,"{""C"": 1.0}",144,144
1,0train->1test,sensor,control/logeuclid-kernel-SVM,control,0.8402777777777778,0.9274691358024691,"{""C"": 10.0}",144,144
1,0train->1test,sensor,quantum/HS-overlap,quantum,0.5277777777777778,0.5142746913580247,"{""C"": 0.1, ""gamma_mult"": 1.0}",144,144
1,0train->1test,sensor,quantum/Fidelity,quantum,0.5208333333333334,0.5144675925925926,"{""C"": 0.1, ""gamma_mult"": 1.0}",144,144
1,0train->1test,sensor,quantum/HS-RBF,quantum,0.5833333333333334,0.5912422839506173,"{""C"": 10.0, ""gamma_mult"": 1.0}",144,144
1,0train->1test,sensor,quantum/Bures-RBF,quantum,0.5763888888888888,0.595486111111111,"{""C"": 10.0, ""gamma_mult"": 1.0}",144,144
1,0train->1test,sensor,quantum/QRE-RBF,quantum,0.5763888888888888,0.5954861111111112,"{""C"": 10.0, ""gamma_mult"": 1.0}",144,144
1,1test->0train,sensor,classical/TS+LR,classical,0.7847222222222222,0.8952546296296295,"{""clf__C"": 0.1}",144,144
1,1test->0train,sensor,classical/MDM,classical,0.8263888888888888,0.9270833333333334,{},144,144
1,1test->0train,sensor,control/riemann-kernel-SVM,control,0.8263888888888888,0.9259259259259259,"{""C"": 1.0}",144,144
1,1test->0train,sensor,control/logeuclid-kernel-SVM,control,0.8402777777777778,0.9319058641975309,"{""C"": 1.0}",144,144
1,1test->0train,sensor,quantum/HS-overlap,quantum,0.5277777777777778,0.5200617283950617,"{""C"": 0.1, ""gamma_mult"": 1.0}",144,144
1,1test->0train,sensor,quantum/Fidelity,quantum,0.5347222222222222,0.5171682098765432,"{""C"": 0.1, ""gamma_mult"": 1.0}",144,144
1,1test->0train,sensor,quantum/HS-RBF,quantum,0.5486111111111112,0.5904706790123457,"{""C"": 10.0, ""gamma_mult"": 1.0}",144,144
1,1test->0train,sensor,quantum/Bures-RBF,quantum,0.4722222222222222,0.5308641975308642,"{""C"": 10.0, ""gamma_mult"": 4.0}",144,144
1,1test->0train,sensor,quantum/QRE-RBF,quantum,0.4722222222222222,0.5326003086419753,"{""C"": 10.0, ""gamma_mult"": 4.0}",144,144
1,0train->1test,reference,classical/TS+LR,classical,0.8541666666666666,0.9157021604938271,"{""clf__C"": 0.1}",144,144
1,0train->1test,reference,classical/MDM,classical,0.8333333333333334,0.904513888888889,{},144,144
1,0train->1test,reference,control/riemann-kernel-SVM,control,0.875,0.9330632716049383,"{""C"": 1.0}",144,144
1,0train->1test,reference,control/logeuclid-kernel-SVM,control,0.875,0.9330632716049383,"{""C"": 1.0}",144,144
1,0train->1test,reference,quantum/HS-overlap,quantum,0.8541666666666666,0.9288194444444444,"{""C"": 10.0, ""gamma_mult"": 1.0}",144,144
1,0train->1test,reference,quantum/Fidelity,quantum,0.8680555555555556,0.9342206790123456,"{""C"": 10.0, ""gamma_mult"": 1.0}",144,144
1,0train->1test,reference,quantum/HS-RBF,quantum,0.8611111111111112,0.9230324074074074,"{""C"": 1.0, ""gamma_mult"": 1.0}",144,144
1,0train->1test,reference,quantum/Bures-RBF,quantum,0.8680555555555556,0.9274691358024691,"{""C"": 1.0, ""gamma_mult"": 1.0}",144,144
1,0train->1test,reference,quantum/QRE-RBF,quantum,0.8680555555555556,0.9278549382716049,"{""C"": 1.0, ""gamma_mult"": 1.0}",144,144
1,1test->0train,reference,classical/TS+LR,classical,0.7916666666666666,0.8952546296296295,"{""clf__C"": 0.1}",144,144
1,1test->0train,reference,classical/MDM,classical,0.8402777777777778,0.9268904320987654,{},144,144
1,1test->0train,reference,control/riemann-kernel-SVM,control,0.8541666666666666,0.9261188271604939,"{""C"": 1.0}",144,144
1,1test->0train,reference,control/logeuclid-kernel-SVM,control,0.8541666666666666,0.9261188271604939,"{""C"": 1.0}",144,144
1,1test->0train,reference,quantum/HS-overlap,quantum,0.8263888888888888,0.927662037037037,"{""C"": 10.0, ""gamma_mult"": 1.0}",144,144
1,1test->0train,reference,quantum/Fidelity,quantum,0.8611111111111112,0.9313271604938272,"{""C"": 10.0, ""gamma_mult"": 1.0}",144,144
1,1test->0train,reference,quantum/HS-RBF,quantum,0.8194444444444444,0.9157021604938271,"{""C"": 0.1, ""gamma_mult"": 4.0}",144,144
1,1test->0train,reference,quantum/Bures-RBF,quantum,0.8402777777777778,0.9230324074074074,"{""C"": 0.1, ""gamma_mult"": 4.0}",144,144
1,1test->0train,reference,quantum/QRE-RBF,quantum,0.8263888888888888,0.9224537037037037,"{""C"": 0.1, ""gamma_mult"": 4.0}",144,144
2,0train->1test,sensor,classical/TS+LR,classical,0.5625,0.6234567901234568,"{""clf__C"": 0.1}",144,144
2,0train->1test,sensor,classical/MDM,classical,0.5555555555555556,0.5543981481481481,{},144,144
2,0train->1test,sensor,control/riemann-kernel-SVM,control,0.5416666666666666,0.6298225308641976,"{""C"": 10.0}",144,144
2,0train->1test,sensor,control/logeuclid-kernel-SVM,control,0.5347222222222222,0.6149691358024691,"{""C"": 10.0}",144,144
2,0train->1test,sensor,quantum/HS-overlap,quantum,0.4861111111111111,0.5574845679012346,"{""C"": 10.0, ""gamma_mult"": 1.0}",144,144
2,0train->1test,sensor,quantum/Fidelity,quantum,0.4791666666666667,0.5582561728395062,"{""C"": 10.0, ""gamma_mult"": 1.0}",144,144
2,0train->1test,sensor,quantum/HS-RBF,quantum,0.4583333333333333,0.44232253086419754,"{""C"": 0.1, ""gamma_mult"": 1.0}",144,144
2,0train->1test,sensor,quantum/Bures-RBF,quantum,0.4513888888888889,0.4732831790123457,"{""C"": 0.1, ""gamma_mult"": 1.0}",144,144
2,0train->1test,sensor,quantum/QRE-RBF,quantum,0.4513888888888889,0.4692322530864197,"{""C"": 0.1, ""gamma_mult"": 1.0}",144,144
2,1test->0train,sensor,classical/TS+LR,classical,0.6111111111111112,0.607445987654321,"{""clf__C"": 10.0}",144,144
2,1test->0train,sensor,classical/MDM,classical,0.5,0.5183256172839505,{},144,144
2,1test->0train,sensor,control/riemann-kernel-SVM,control,0.6388888888888888,0.6134259259259259,"{""C"": 1.0}",144,144
2,1test->0train,sensor,control/logeuclid-kernel-SVM,control,0.5763888888888888,0.5933641975308642,"{""C"": 1.0}",144,144
2,1test->0train,sensor,quantum/HS-overlap,quantum,0.5,0.5576774691358025,"{""C"": 0.1, ""gamma_mult"": 1.0}",144,144
2,1test->0train,sensor,quantum/Fidelity,quantum,0.5,0.5578703703703703,"{""C"": 0.1, ""gamma_mult"": 1.0}",144,144
2,1test->0train,sensor,quantum/HS-RBF,quantum,0.5,0.39081790123456794,"{""C"": 0.1, ""gamma_mult"": 0.25}",144,144
2,1test->0train,sensor,quantum/Bures-RBF,quantum,0.5,0.3894675925925926,"{""C"": 0.1, ""gamma_mult"": 0.25}",144,144
2,1test->0train,sensor,quantum/QRE-RBF,quantum,0.5,0.3879243827160494,"{""C"": 0.1, ""gamma_mult"": 0.25}",144,144
2,0train->1test,reference,classical/TS+LR,classical,0.5555555555555556,0.6165123456790124,"{""clf__C"": 0.1}",144,144
2,0train->1test,reference,classical/MDM,classical,0.5763888888888888,0.5611496913580246,{},144,144
2,0train->1test,reference,control/riemann-kernel-SVM,control,0.5833333333333334,0.6242283950617284,"{""C"": 10.0}",144,144
2,0train->1test,reference,control/logeuclid-kernel-SVM,control,0.5833333333333334,0.6242283950617284,"{""C"": 10.0}",144,144
2,0train->1test,reference,quantum/HS-overlap,quantum,0.5833333333333334,0.6020447530864197,"{""C"": 0.1, ""gamma_mult"": 1.0}",144,144
2,0train->1test,reference,quantum/Fidelity,quantum,0.5694444444444444,0.6124614197530864,"{""C"": 10.0, ""gamma_mult"": 1.0}",144,144
2,0train->1test,reference,quantum/HS-RBF,quantum,0.4930555555555556,0.5567129629629629,"{""C"": 0.1, ""gamma_mult"": 1.0}",144,144
2,0train->1test,reference,quantum/Bures-RBF,quantum,0.5069444444444444,0.5679012345679013,"{""C"": 10.0, ""gamma_mult"": 4.0}",144,144
2,0train->1test,reference,quantum/QRE-RBF,quantum,0.5138888888888888,0.568672839506173,"{""C"": 10.0, ""gamma_mult"": 4.0}",144,144
2,1test->0train,reference,classical/TS+LR,classical,0.5902777777777778,0.6120756172839505,"{""clf__C"": 10.0}",144,144
2,1test->0train,reference,classical/MDM,classical,0.5486111111111112,0.5268132716049383,{},144,144
2,1test->0train,reference,control/riemann-kernel-SVM,control,0.625,0.615162037037037,"{""C"": 1.0}",144,144
2,1test->0train,reference,control/logeuclid-kernel-SVM,control,0.625,0.615162037037037,"{""C"": 1.0}",144,144
2,1test->0train,reference,quantum/HS-overlap,quantum,0.5833333333333334,0.5889274691358024,"{""C"": 10.0, ""gamma_mult"": 1.0}",144,144
2,1test->0train,reference,quantum/Fidelity,quantum,0.5972222222222222,0.6107253086419753,"{""C"": 10.0, ""gamma_mult"": 1.0}",144,144
2,1test->0train,reference,quantum/HS-RBF,quantum,0.5902777777777778,0.5775462962962963,"{""C"": 10.0, ""gamma_mult"": 1.0}",144,144
2,1test->0train,reference,quantum/Bures-RBF,quantum,0.5833333333333334,0.5775462962962963,"{""C"": 10.0, ""gamma_mult"": 1.0}",144,144
2,1test->0train,reference,quantum/QRE-RBF,quantum,0.5763888888888888,0.574266975308642,"{""C"": 10.0, ""gamma_mult"": 1.0}",144,144
3,0train->1test,sensor,classical/TS+LR,classical,0.9305555555555556,0.9874614197530864,"{""clf__C"": 0.1}",144,144
3,0train->1test,sensor,classical/MDM,classical,0.9375,0.9911265432098766,{},144,144
3,0train->1test,sensor,control/riemann-kernel-SVM,control,0.9652777777777778,0.9888117283950617,"{""C"": 1.0}",144,144
3,0train->1test,sensor,control/logeuclid-kernel-SVM,control,0.9166666666666666,0.9591049382716049,"{""C"": 10.0}",144,144
3,0train->1test,sensor,quantum/HS-overlap,quantum,0.6875,0.8055555555555556,"{""C"": 10.0, ""gamma_mult"": 1.0}",144,144
3,0train->1test,sensor,quantum/Fidelity,quantum,0.6805555555555556,0.7390046296296297,"{""C"": 10.0, ""gamma_mult"": 1.0}",144,144
3,0train->1test,sensor,quantum/HS-RBF,quantum,0.75,0.8545524691358025,"{""C"": 10.0, ""gamma_mult"": 0.25}",144,144
3,0train->1test,sensor,quantum/Bures-RBF,quantum,0.75,0.8549382716049383,"{""C"": 10.0, ""gamma_mult"": 0.25}",144,144
3,0train->1test,sensor,quantum/QRE-RBF,quantum,0.75,0.8566743827160493,"{""C"": 10.0, ""gamma_mult"": 0.25}",144,144
3,1test->0train,sensor,classical/TS+LR,classical,0.9375,0.9920910493827161,"{""clf__C"": 0.1}",144,144
3,1test->0train,sensor,classical/MDM,classical,0.9305555555555556,0.9915123456790123,{},144,144
3,1test->0train,sensor,control/riemann-kernel-SVM,control,0.9166666666666666,0.9926697530864197,"{""C"": 0.1}",144,144
3,1test->0train,sensor,control/logeuclid-kernel-SVM,control,0.9583333333333334,0.9934413580246912,"{""C"": 1.0}",144,144
3,1test->0train,sensor,quantum/HS-overlap,quantum,0.6805555555555556,0.7735339506172839,"{""C"": 10.0, ""gamma_mult"": 1.0}",144,144
3,1test->0train,sensor,quantum/Fidelity,quantum,0.6319444444444444,0.7093942901234568,"{""C"": 10.0, ""gamma_mult"": 1.0}",144,144
3,1test->0train,sensor,quantum/HS-RBF,quantum,0.7291666666666666,0.8470293209876543,"{""C"": 10.0, ""gamma_mult"": 0.25}",144,144
3,1test->0train,sensor,quantum/Bures-RBF,quantum,0.7222222222222222,0.8578317901234568,"{""C"": 10.0, ""gamma_mult"": 0.25}",144,144
3,1test->0train,sensor,quantum/QRE-RBF,quantum,0.7222222222222222,0.8574459876543209,"{""C"": 10.0, ""gamma_mult"": 0.25}",144,144
3,0train->1test,reference,classical/TS+LR,classical,0.9444444444444444,0.9870756172839507,"{""clf__C"": 0.1}",144,144
3,0train->1test,reference,classical/MDM,classical,0.9652777777777778,0.990354938271605,{},144,144
3,0train->1test,reference,control/riemann-kernel-SVM,control,0.9722222222222222,0.9886188271604939,"{""C"": 1.0}",144,144
3,0train->1test,reference,control/logeuclid-kernel-SVM,control,0.9722222222222222,0.9886188271604939,"{""C"": 1.0}",144,144
3,0train->1test,reference,quantum/HS-overlap,quantum,0.9513888888888888,0.9886188271604939,"{""C"": 1.0, ""gamma_mult"": 1.0}",144,144
3,0train->1test,reference,quantum/Fidelity,quantum,0.9722222222222222,0.9911265432098766,"{""C"": 1.0, ""gamma_mult"": 1.0}",144,144
3,0train->1test,reference,quantum/HS-RBF,quantum,0.9722222222222222,0.9888117283950617,"{""C"": 0.1, ""gamma_mult"": 1.0}",144,144
3,0train->1test,reference,quantum/Bures-RBF,quantum,0.9722222222222222,0.9909336419753086,"{""C"": 0.1, ""gamma_mult"": 1.0}",144,144
3,0train->1test,reference,quantum/QRE-RBF,quantum,0.9722222222222222,0.9907407407407407,"{""C"": 0.1, ""gamma_mult"": 1.0}",144,144
3,1test->0train,reference,classical/TS+LR,classical,0.9444444444444444,0.992283950617284,"{""clf__C"": 0.1}",144,144
3,1test->0train,reference,classical/MDM,classical,0.9375,0.9915123456790123,{},144,144
3,1test->0train,reference,control/riemann-kernel-SVM,control,0.9444444444444444,0.9930555555555555,"{""C"": 0.1}",144,144
3,1test->0train,reference,control/logeuclid-kernel-SVM,control,0.9444444444444444,0.9930555555555555,"{""C"": 0.1}",144,144
3,1test->0train,reference,quantum/HS-overlap,quantum,0.9513888888888888,0.9924768518518519,"{""C"": 1.0, ""gamma_mult"": 1.0}",144,144
3,1test->0train,reference,quantum/Fidelity,quantum,0.9513888888888888,0.9934413580246914,"{""C"": 1.0, ""gamma_mult"": 1.0}",144,144
3,1test->0train,reference,quantum/HS-RBF,quantum,0.9444444444444444,0.9926697530864198,"{""C"": 1.0, ""gamma_mult"": 0.25}",144,144
3,1test->0train,reference,quantum/Bures-RBF,quantum,0.9513888888888888,0.9947916666666667,"{""C"": 1.0, ""gamma_mult"": 0.25}",144,144
3,1test->0train,reference,quantum/QRE-RBF,quantum,0.9583333333333334,0.9940200617283952,"{""C"": 1.0, ""gamma_mult"": 0.25}",144,144
4,0train->1test,sensor,classical/TS+LR,classical,0.6597222222222222,0.7887731481481481,"{""clf__C"": 10.0}",144,144
4,0train->1test,sensor,classical/MDM,classical,0.6666666666666666,0.7611882716049382,{},144,144
4,0train->1test,sensor,control/riemann-kernel-SVM,control,0.7222222222222222,0.8408564814814815,"{""C"": 1.0}",144,144
4,0train->1test,sensor,control/logeuclid-kernel-SVM,control,0.7013888888888888,0.8368055555555556,"{""C"": 1.0}",144,144
4,0train->1test,sensor,quantum/HS-overlap,quantum,0.5,0.496045524691358,"{""C"": 0.1, ""gamma_mult"": 1.0}",144,144
4,0train->1test,sensor,quantum/Fidelity,quantum,0.4930555555555556,0.4954668209876543,"{""C"": 0.1, ""gamma_mult"": 1.0}",144,144
4,0train->1test,sensor,quantum/HS-RBF,quantum,0.4722222222222222,0.48225308641975306,"{""C"": 1.0, ""gamma_mult"": 0.25}",144,144
4,0train->1test,sensor,quantum/Bures-RBF,quantum,0.4722222222222222,0.5192901234567902,"{""C"": 0.1, ""gamma_mult"": 0.25}",144,144
4,0train->1test,sensor,quantum/QRE-RBF,quantum,0.4722222222222222,0.521412037037037,"{""C"": 0.1, ""gamma_mult"": 0.25}",144,144
4,1test->0train,sensor,classical/TS+LR,classical,0.7222222222222222,0.8528163580246912,"{""clf__C"": 0.1}",144,144
4,1test->0train,sensor,classical/MDM,classical,0.7291666666666666,0.8005401234567902,{},144,144
4,1test->0train,sensor,control/riemann-kernel-SVM,control,0.7430555555555556,0.8472222222222222,"{""C"": 1.0}",144,144
4,1test->0train,sensor,control/logeuclid-kernel-SVM,control,0.7222222222222222,0.8260030864197532,"{""C"": 10.0}",144,144
4,1test->0train,sensor,quantum/HS-overlap,quantum,0.4305555555555556,0.4498456790123457,"{""C"": 0.1, ""gamma_mult"": 1.0}",144,144
4,1test->0train,sensor,quantum/Fidelity,quantum,0.4305555555555556,0.4556327160493827,"{""C"": 0.1, ""gamma_mult"": 1.0}",144,144
4,1test->0train,sensor,quantum/HS-RBF,quantum,0.4305555555555556,0.43885030864197533,"{""C"": 1.0, ""gamma_mult"": 1.0}",144,144
4,1test->0train,sensor,quantum/Bures-RBF,quantum,0.4375,0.4392361111111111,"{""C"": 10.0, ""gamma_mult"": 1.0}",144,144
4,1test->0train,sensor,quantum/QRE-RBF,quantum,0.4375,0.42901234567901236,"{""C"": 10.0, ""gamma_mult"": 1.0}",144,144
4,0train->1test,reference,classical/TS+LR,classical,0.7083333333333334,0.7858796296296297,"{""clf__C"": 10.0}",144,144
4,0train->1test,reference,classical/MDM,classical,0.6805555555555556,0.7609953703703703,{},144,144
4,0train->1test,reference,control/riemann-kernel-SVM,control,0.7361111111111112,0.8402777777777779,"{""C"": 1.0}",144,144
4,0train->1test,reference,control/logeuclid-kernel-SVM,control,0.7361111111111112,0.8402777777777779,"{""C"": 1.0}",144,144
4,0train->1test,reference,quantum/HS-overlap,quantum,0.7569444444444444,0.8290895061728395,"{""C"": 10.0, ""gamma_mult"": 1.0}",144,144
4,0train->1test,reference,quantum/Fidelity,quantum,0.7430555555555556,0.8331404320987654,"{""C"": 10.0, ""gamma_mult"": 1.0}",144,144
4,0train->1test,reference,quantum/HS-RBF,quantum,0.6944444444444444,0.7488425925925926,"{""C"": 10.0, ""gamma_mult"": 4.0}",144,144
4,0train->1test,reference,quantum/Bures-RBF,quantum,0.7222222222222222,0.7777777777777778,"{""C"": 1.0, ""gamma_mult"": 4.0}",144,144
4,0train->1test,reference,quantum/QRE-RBF,quantum,0.7222222222222222,0.7770061728395062,"{""C"": 1.0, ""gamma_mult"": 4.0}",144,144
4,1test->0train,reference,classical/TS+LR,classical,0.7638888888888888,0.8528163580246914,"{""clf__C"": 0.1}",144,144
4,1test->0train,reference,classical/MDM,classical,0.7083333333333334,0.7976466049382716,{},144,144
4,1test->0train,reference,control/riemann-kernel-SVM,control,0.7708333333333334,0.8474151234567902,"{""C"": 1.0}",144,144
4,1test->0train,reference,control/logeuclid-kernel-SVM,control,0.7708333333333334,0.8474151234567902,"{""C"": 1.0}",144,144
4,1test->0train,reference,quantum/HS-overlap,quantum,0.7430555555555556,0.8234953703703705,"{""C"": 10.0, ""gamma_mult"": 1.0}",144,144
4,1test->0train,reference,quantum/Fidelity,quantum,0.7847222222222222,0.8503086419753088,"{""C"": 10.0, ""gamma_mult"": 1.0}",144,144
4,1test->0train,reference,quantum/HS-RBF,quantum,0.7291666666666666,0.8288966049382717,"{""C"": 1.0, ""gamma_mult"": 1.0}",144,144
4,1test->0train,reference,quantum/Bures-RBF,quantum,0.7638888888888888,0.8323688271604938,"{""C"": 1.0, ""gamma_mult"": 1.0}",144,144
4,1test->0train,reference,quantum/QRE-RBF,quantum,0.7638888888888888,0.8325617283950617,"{""C"": 1.0, ""gamma_mult"": 1.0}",144,144
5,0train->1test,sensor,classical/TS+LR,classical,0.5138888888888888,0.5534336419753086,"{""clf__C"": 0.1}",144,144
5,0train->1test,sensor,classical/MDM,classical,0.4861111111111111,0.4880401234567901,{},144,144
5,0train->1test,sensor,control/riemann-kernel-SVM,control,0.5,0.501736111111111,"{""C"": 0.1}",144,144
5,0train->1test,sensor,control/logeuclid-kernel-SVM,control,0.5069444444444444,0.5007716049382716,"{""C"": 0.1}",144,144
5,0train->1test,sensor,quantum/HS-overlap,quantum,0.5347222222222222,0.545138888888889,"{""C"": 0.1, ""gamma_mult"": 1.0}",144,144
5,0train->1test,sensor,quantum/Fidelity,quantum,0.5347222222222222,0.5482253086419753,"{""C"": 0.1, ""gamma_mult"": 1.0}",144,144
5,0train->1test,sensor,quantum/HS-RBF,quantum,0.5763888888888888,0.5665509259259259,"{""C"": 0.1, ""gamma_mult"": 4.0}",144,144
5,0train->1test,sensor,quantum/Bures-RBF,quantum,0.5625,0.5565200617283951,"{""C"": 0.1, ""gamma_mult"": 4.0}",144,144
5,0train->1test,sensor,quantum/QRE-RBF,quantum,0.5625,0.5574845679012346,"{""C"": 0.1, ""gamma_mult"": 4.0}",144,144
5,1test->0train,sensor,classical/TS+LR,classical,0.5069444444444444,0.5395447530864197,"{""clf__C"": 10.0}",144,144
5,1test->0train,sensor,classical/MDM,classical,0.4375,0.4974922839506173,{},144,144
5,1test->0train,sensor,control/riemann-kernel-SVM,control,0.5,0.5169753086419753,"{""C"": 1.0}",144,144
5,1test->0train,sensor,control/logeuclid-kernel-SVM,control,0.4791666666666667,0.5285493827160493,"{""C"": 10.0}",144,144
5,1test->0train,sensor,quantum/HS-overlap,quantum,0.5138888888888888,0.4809992283950617,"{""C"": 0.1, ""gamma_mult"": 1.0}",144,144
5,1test->0train,sensor,quantum/Fidelity,quantum,0.5069444444444444,0.48823302469135804,"{""C"": 0.1, ""gamma_mult"": 1.0}",144,144
5,1test->0train,sensor,quantum/HS-RBF,quantum,0.5069444444444444,0.5287422839506172,"{""C"": 0.1, ""gamma_mult"": 0.25}",144,144
5,1test->0train,sensor,quantum/Bures-RBF,quantum,0.5069444444444444,0.5122492283950617,"{""C"": 0.1, ""gamma_mult"": 0.25}",144,144
5,1test->0train,sensor,quantum/QRE-RBF,quantum,0.5069444444444444,0.5519868827160493,"{""C"": 0.1, ""gamma_mult"": 0.25}",144,144
5,0train->1test,reference,classical/TS+LR,classical,0.4930555555555556,0.5511188271604938,"{""clf__C"": 0.1}",144,144
5,0train->1test,reference,classical/MDM,classical,0.4930555555555556,0.4874614197530864,{},144,144
5,0train->1test,reference,control/riemann-kernel-SVM,control,0.5,0.5009645061728395,"{""C"": 0.1}",144,144
5,0train->1test,reference,control/logeuclid-kernel-SVM,control,0.5,0.5009645061728395,"{""C"": 0.1}",144,144
5,0train->1test,reference,quantum/HS-overlap,quantum,0.4861111111111111,0.49672067901234573,"{""C"": 0.1, ""gamma_mult"": 1.0}",144,144
5,0train->1test,reference,quantum/Fidelity,quantum,0.5416666666666666,0.5628858024691358,"{""C"": 10.0, ""gamma_mult"": 1.0}",144,144
5,0train->1test,reference,quantum/HS-RBF,quantum,0.5625,0.5688657407407407,"{""C"": 10.0, ""gamma_mult"": 4.0}",144,144
5,0train->1test,reference,quantum/Bures-RBF,quantum,0.5416666666666666,0.5653935185185184,"{""C"": 10.0, ""gamma_mult"": 4.0}",144,144
5,0train->1test,reference,quantum/QRE-RBF,quantum,0.5416666666666666,0.5636574074074072,"{""C"": 10.0, ""gamma_mult"": 4.0}",144,144
5,1test->0train,reference,classical/TS+LR,classical,0.5694444444444444,0.5397376543209877,"{""clf__C"": 10.0}",144,144
5,1test->0train,reference,classical/MDM,classical,0.5138888888888888,0.49498456790123463,{},144,144
5,1test->0train,reference,control/riemann-kernel-SVM,control,0.5069444444444444,0.5142746913580247,"{""C"": 1.0}",144,144
5,1test->0train,reference,control/logeuclid-kernel-SVM,control,0.5069444444444444,0.5142746913580247,"{""C"": 1.0}",144,144
5,1test->0train,reference,quantum/HS-overlap,quantum,0.5208333333333334,0.5229552469135802,"{""C"": 10.0, ""gamma_mult"": 1.0}",144,144
5,1test->0train,reference,quantum/Fidelity,quantum,0.5069444444444444,0.5158179012345678,"{""C"": 0.1, ""gamma_mult"": 1.0}",144,144
5,1test->0train,reference,quantum/HS-RBF,quantum,0.5416666666666666,0.5472608024691358,"{""C"": 0.1, ""gamma_mult"": 4.0}",144,144
5,1test->0train,reference,quantum/Bures-RBF,quantum,0.5486111111111112,0.5489969135802469,"{""C"": 0.1, ""gamma_mult"": 4.0}",144,144
5,1test->0train,reference,quantum/QRE-RBF,quantum,0.5486111111111112,0.5489969135802469,"{""C"": 0.1, ""gamma_mult"": 4.0}",144,144
6,0train->1test,sensor,classical/TS+LR,classical,0.6666666666666666,0.7471064814814814,"{""clf__C"": 0.1}",144,144
6,0train->1test,sensor,classical/MDM,classical,0.6458333333333334,0.6930941358024691,{},144,144
6,0train->1test,sensor,control/riemann-kernel-SVM,control,0.6736111111111112,0.7330246913580246,"{""C"": 1.0}",144,144
6,0train->1test,sensor,control/logeuclid-kernel-SVM,control,0.6805555555555556,0.744212962962963,"{""C"": 1.0}",144,144
6,0train->1test,sensor,quantum/HS-overlap,quantum,0.5625,0.607445987654321,"{""C"": 10.0, ""gamma_mult"": 1.0}",144,144
6,0train->1test,sensor,quantum/Fidelity,quantum,0.5277777777777778,0.6116898148148148,"{""C"": 10.0, ""gamma_mult"": 1.0}",144,144
6,0train->1test,sensor,quantum/HS-RBF,quantum,0.5416666666666666,0.6005015432098766,"{""C"": 10.0, ""gamma_mult"": 0.25}",144,144
6,0train->1test,sensor,quantum/Bures-RBF,quantum,0.5347222222222222,0.5542052469135802,"{""C"": 1.0, ""gamma_mult"": 1.0}",144,144
6,0train->1test,sensor,quantum/QRE-RBF,quantum,0.5347222222222222,0.5547839506172839,"{""C"": 1.0, ""gamma_mult"": 1.0}",144,144
6,1test->0train,sensor,classical/TS+LR,classical,0.6736111111111112,0.7681327160493827,"{""clf__C"": 1.0}",144,144
6,1test->0train,sensor,classical/MDM,classical,0.6805555555555556,0.7513503086419753,{},144,144
6,1test->0train,sensor,control/riemann-kernel-SVM,control,0.7222222222222222,0.7849151234567902,"{""C"": 0.1}",144,144
6,1test->0train,sensor,control/logeuclid-kernel-SVM,control,0.7291666666666666,0.7758487654320988,"{""C"": 0.1}",144,144
6,1test->0train,sensor,quantum/HS-overlap,quantum,0.5625,0.6537422839506173,"{""C"": 10.0, ""gamma_mult"": 1.0}",144,144
6,1test->0train,sensor,quantum/Fidelity,quantum,0.5347222222222222,0.6105324074074074,"{""C"": 10.0, ""gamma_mult"": 1.0}",144,144
6,1test->0train,sensor,quantum/HS-RBF,quantum,0.5972222222222222,0.6356095679012345,"{""C"": 10.0, ""gamma_mult"": 0.25}",144,144
6,1test->0train,sensor,quantum/Bures-RBF,quantum,0.5833333333333334,0.6273148148148147,"{""C"": 10.0, ""gamma_mult"": 0.25}",144,144
6,1test->0train,sensor,quantum/QRE-RBF,quantum,0.5833333333333334,0.623263888888889,"{""C"": 10.0, ""gamma_mult"": 0.25}",144,144
6,0train->1test,reference,classical/TS+LR,classical,0.6736111111111112,0.7447916666666666,"{""clf__C"": 0.1}",144,144
6,0train->1test,reference,classical/MDM,classical,0.6597222222222222,0.6944444444444445,{},144,144
6,0train->1test,reference,control/riemann-kernel-SVM,control,0.6736111111111112,0.7289737654320987,"{""C"": 1.0}",144,144
6,0train->1test,reference,control/logeuclid-kernel-SVM,control,0.6736111111111112,0.7289737654320987,"{""C"": 1.0}",144,144
6,0train->1test,reference,quantum/HS-overlap,quantum,0.6875,0.7312885802469136,"{""C"": 10.0, ""gamma_mult"": 1.0}",144,144
6,0train->1test,reference,quantum/Fidelity,quantum,0.6736111111111112,0.7364969135802469,"{""C"": 10.0, ""gamma_mult"": 1.0}",144,144
6,0train->1test,reference,quantum/HS-RBF,quantum,0.7152777777777778,0.7353395061728396,"{""C"": 1.0, ""gamma_mult"": 1.0}",144,144
6,0train->1test,reference,quantum/Bures-RBF,quantum,0.7222222222222222,0.7382330246913581,"{""C"": 1.0, ""gamma_mult"": 1.0}",144,144
6,0train->1test,reference,quantum/QRE-RBF,quantum,0.7222222222222222,0.7372685185185185,"{""C"": 1.0, ""gamma_mult"": 1.0}",144,144
6,1test->0train,reference,classical/TS+LR,classical,0.6736111111111112,0.7619598765432098,"{""clf__C"": 1.0}",144,144
6,1test->0train,reference,classical/MDM,classical,0.6805555555555556,0.7513503086419753,{},144,144
6,1test->0train,reference,control/riemann-kernel-SVM,control,0.7152777777777778,0.7851080246913581,"{""C"": 0.1}",144,144
6,1test->0train,reference,control/logeuclid-kernel-SVM,control,0.7152777777777778,0.7851080246913581,"{""C"": 0.1}",144,144
6,1test->0train,reference,quantum/HS-overlap,quantum,0.6875,0.7862654320987654,"{""C"": 1.0, ""gamma_mult"": 1.0}",144,144
6,1test->0train,reference,quantum/Fidelity,quantum,0.6944444444444444,0.7625385802469136,"{""C"": 0.1, ""gamma_mult"": 1.0}",144,144
6,1test->0train,reference,quantum/HS-RBF,quantum,0.6805555555555556,0.7858796296296297,"{""C"": 0.1, ""gamma_mult"": 0.25}",144,144
6,1test->0train,reference,quantum/Bures-RBF,quantum,0.7013888888888888,0.7758487654320988,"{""C"": 0.1, ""gamma_mult"": 0.25}",144,144
6,1test->0train,reference,quantum/QRE-RBF,quantum,0.7013888888888888,0.7754629629629629,"{""C"": 0.1, ""gamma_mult"": 0.25}",144,144
7,0train->1test,sensor,classical/TS+LR,classical,0.5902777777777778,0.7449845679012346,"{""clf__C"": 1.0}",144,144
7,0train->1test,sensor,classical/MDM,classical,0.5069444444444444,0.6417824074074074,{},144,144
7,0train->1test,sensor,control/riemann-kernel-SVM,control,0.5555555555555556,0.7590663580246914,"{""C"": 1.0}",144,144
7,0train->1test,sensor,control/logeuclid-kernel-SVM,control,0.5972222222222222,0.7411265432098765,"{""C"": 10.0}",144,144
7,0train->1test,sensor,quantum/HS-overlap,quantum,0.4791666666666667,0.5141782407407407,"{""C"": 0.1, ""gamma_mult"": 1.0}",144,144
7,0train->1test,sensor,quantum/Fidelity,quantum,0.4930555555555556,0.5121527777777778,"{""C"": 0.1, ""gamma_mult"": 1.0}",144,144
7,0train->1test,sensor,quantum/HS-RBF,quantum,0.4722222222222222,0.5177469135802469,"{""C"": 10.0, ""gamma_mult"": 0.25}",144,144
7,0train->1test,sensor,quantum/Bures-RBF,quantum,0.4930555555555556,0.5046296296296295,"{""C"": 1.0, ""gamma_mult"": 0.25}",144,144
7,0train->1test,sensor,quantum/QRE-RBF,quantum,0.4930555555555556,0.5048225308641976,"{""C"": 1.0, ""gamma_mult"": 0.25}",144,144
7,1test->0train,sensor,classical/TS+LR,classical,0.5555555555555556,0.6813271604938271,"{""clf__C"": 1.0}",144,144
7,1test->0train,sensor,classical/MDM,classical,0.5277777777777778,0.7789351851851852,{},144,144
7,1test->0train,sensor,control/riemann-kernel-SVM,control,0.5694444444444444,0.6770833333333333,"{""C"": 10.0}",144,144
7,1test->0train,sensor,control/logeuclid-kernel-SVM,control,0.5347222222222222,0.6925154320987654,"{""C"": 10.0}",144,144
7,1test->0train,sensor,quantum/HS-overlap,quantum,0.5069444444444444,0.5205439814814815,"{""C"": 10.0, ""gamma_mult"": 1.0}",144,144
7,1test->0train,sensor,quantum/Fidelity,quantum,0.5069444444444444,0.5088734567901234,"{""C"": 0.1, ""gamma_mult"": 1.0}",144,144
7,1test->0train,sensor,quantum/HS-RBF,quantum,0.5069444444444444,0.48881172839506176,"{""C"": 10.0, ""gamma_mult"": 0.25}",144,144
7,1test->0train,sensor,quantum/Bures-RBF,quantum,0.5069444444444444,0.48842592592592593,"{""C"": 10.0, ""gamma_mult"": 0.25}",144,144
7,1test->0train,sensor,quantum/QRE-RBF,quantum,0.5069444444444444,0.472608024691358,"{""C"": 10.0, ""gamma_mult"": 0.25}",144,144
7,0train->1test,reference,classical/TS+LR,classical,0.6944444444444444,0.7540509259259259,"{""clf__C"": 1.0}",144,144
7,0train->1test,reference,classical/MDM,classical,0.625,0.6442901234567902,{},144,144
7,0train->1test,reference,control/riemann-kernel-SVM,control,0.6875,0.7596450617283951,"{""C"": 1.0}",144,144
7,0train->1test,reference,control/logeuclid-kernel-SVM,control,0.6875,0.7596450617283951,"{""C"": 1.0}",144,144
7,0train->1test,reference,quantum/HS-overlap,quantum,0.7291666666666666,0.7883873456790124,"{""C"": 10.0, ""gamma_mult"": 1.0}",144,144
7,0train->1test,reference,quantum/Fidelity,quantum,0.7083333333333334,0.7386188271604938,"{""C"": 0.1, ""gamma_mult"": 1.0}",144,144
7,0train->1test,reference,quantum/HS-RBF,quantum,0.6666666666666666,0.7332175925925926,"{""C"": 0.1, ""gamma_mult"": 0.25}",144,144
7,0train->1test,reference,quantum/Bures-RBF,quantum,0.7291666666666666,0.8055555555555555,"{""C"": 10.0, ""gamma_mult"": 0.25}",144,144
7,0train->1test,reference,quantum/QRE-RBF,quantum,0.7291666666666666,0.8022762345679012,"{""C"": 10.0, ""gamma_mult"": 0.25}",144,144
7,1test->0train,reference,classical/TS+LR,classical,0.6458333333333334,0.6849922839506173,"{""clf__C"": 1.0}",144,144
7,1test->0train,reference,classical/MDM,classical,0.7222222222222222,0.7793209876543209,{},144,144
7,1test->0train,reference,control/riemann-kernel-SVM,control,0.6458333333333334,0.6863425925925924,"{""C"": 10.0}",144,144
7,1test->0train,reference,control/logeuclid-kernel-SVM,control,0.6458333333333334,0.6863425925925924,"{""C"": 10.0}",144,144
7,1test->0train,reference,quantum/HS-overlap,quantum,0.6875,0.7064043209876543,"{""C"": 10.0, ""gamma_mult"": 1.0}",144,144
7,1test->0train,reference,quantum/Fidelity,quantum,0.6736111111111112,0.7243441358024691,"{""C"": 10.0, ""gamma_mult"": 1.0}",144,144
7,1test->0train,reference,quantum/HS-RBF,quantum,0.6597222222222222,0.6963734567901235,"{""C"": 1.0, ""gamma_mult"": 1.0}",144,144
7,1test->0train,reference,quantum/Bures-RBF,quantum,0.6736111111111112,0.7004243827160493,"{""C"": 1.0, ""gamma_mult"": 1.0}",144,144
7,1test->0train,reference,quantum/QRE-RBF,quantum,0.6736111111111112,0.6988811728395061,"{""C"": 1.0, ""gamma_mult"": 1.0}",144,144
8,0train->1test,sensor,classical/TS+LR,classical,0.8958333333333334,0.9880401234567902,"{""clf__C"": 0.1}",144,144
8,0train->1test,sensor,classical/MDM,classical,0.9444444444444444,0.9911265432098766,{},144,144
8,0train->1test,sensor,control/riemann-kernel-SVM,control,0.9236111111111112,0.982445987654321,"{""C"": 1.0}",144,144
8,0train->1test,sensor,control/logeuclid-kernel-SVM,control,0.9305555555555556,0.9849537037037037,"{""C"": 1.0}",144,144
8,0train->1test,sensor,quantum/HS-overlap,quantum,0.6388888888888888,0.7561728395061729,"{""C"": 10.0, ""gamma_mult"": 1.0}",144,144
8,0train->1test,sensor,quantum/Fidelity,quantum,0.5833333333333334,0.6927083333333334,"{""C"": 10.0, ""gamma_mult"": 1.0}",144,144
8,0train->1test,sensor,quantum/HS-RBF,quantum,0.7083333333333334,0.7656250000000001,"{""C"": 1.0, ""gamma_mult"": 1.0}",144,144
8,0train->1test,sensor,quantum/Bures-RBF,quantum,0.7152777777777778,0.7924382716049382,"{""C"": 10.0, ""gamma_mult"": 1.0}",144,144
8,0train->1test,sensor,quantum/QRE-RBF,quantum,0.7361111111111112,0.7762345679012347,"{""C"": 1.0, ""gamma_mult"": 1.0}",144,144
8,1test->0train,sensor,classical/TS+LR,classical,0.9027777777777778,0.9712577160493828,"{""clf__C"": 0.1}",144,144
8,1test->0train,sensor,classical/MDM,classical,0.9305555555555556,0.9782021604938272,{},144,144
8,1test->0train,sensor,control/riemann-kernel-SVM,control,0.9305555555555556,0.9818672839506173,"{""C"": 0.1}",144,144
8,1test->0train,sensor,control/logeuclid-kernel-SVM,control,0.9236111111111112,0.9822530864197531,"{""C"": 0.1}",144,144
8,1test->0train,sensor,quantum/HS-overlap,quantum,0.5694444444444444,0.6240354938271604,"{""C"": 10.0, ""gamma_mult"": 1.0}",144,144
8,1test->0train,sensor,quantum/Fidelity,quantum,0.5208333333333334,0.5574845679012346,"{""C"": 10.0, ""gamma_mult"": 1.0}",144,144
8,1test->0train,sensor,quantum/HS-RBF,quantum,0.6666666666666666,0.7004243827160495,"{""C"": 10.0, ""gamma_mult"": 1.0}",144,144
8,1test->0train,sensor,quantum/Bures-RBF,quantum,0.6597222222222222,0.7064043209876544,"{""C"": 10.0, ""gamma_mult"": 1.0}",144,144
8,1test->0train,sensor,quantum/QRE-RBF,quantum,0.6597222222222222,0.7094907407407408,"{""C"": 10.0, ""gamma_mult"": 1.0}",144,144
8,0train->1test,reference,classical/TS+LR,classical,0.9097222222222222,0.9882330246913581,"{""clf__C"": 0.1}",144,144
8,0train->1test,reference,classical/MDM,classical,0.9444444444444444,0.9915123456790124,{},144,144
8,0train->1test,reference,control/riemann-kernel-SVM,control,0.9444444444444444,0.9853395061728395,"{""C"": 1.0}",144,144
8,0train->1test,reference,control/logeuclid-kernel-SVM,control,0.9444444444444444,0.9853395061728395,"{""C"": 1.0}",144,144
8,0train->1test,reference,quantum/HS-overlap,quantum,0.9444444444444444,0.9932484567901234,"{""C"": 1.0, ""gamma_mult"": 1.0}",144,144
8,0train->1test,reference,quantum/Fidelity,quantum,0.9305555555555556,0.9924768518518519,"{""C"": 0.1, ""gamma_mult"": 1.0}",144,144
8,0train->1test,reference,quantum/HS-RBF,quantum,0.9305555555555556,0.9915123456790124,"{""C"": 0.1, ""gamma_mult"": 0.25}",144,144
8,0train->1test,reference,quantum/Bures-RBF,quantum,0.9305555555555556,0.9918981481481481,"{""C"": 0.1, ""gamma_mult"": 0.25}",144,144
8,0train->1test,reference,quantum/QRE-RBF,quantum,0.9305555555555556,0.9918981481481481,"{""C"": 0.1, ""gamma_mult"": 0.25}",144,144
8,1test->0train,reference,classical/TS+LR,classical,0.9027777777777778,0.9739583333333334,"{""clf__C"": 0.1}",144,144
8,1test->0train,reference,classical/MDM,classical,0.9305555555555556,0.9793595679012346,{},144,144
8,1test->0train,reference,control/riemann-kernel-SVM,control,0.9236111111111112,0.9828317901234568,"{""C"": 0.1}",144,144
8,1test->0train,reference,control/logeuclid-kernel-SVM,control,0.9236111111111112,0.9828317901234568,"{""C"": 0.1}",144,144
8,1test->0train,reference,quantum/HS-overlap,quantum,0.9444444444444444,0.9893904320987654,"{""C"": 0.1, ""gamma_mult"": 1.0}",144,144
8,1test->0train,reference,quantum/Fidelity,quantum,0.9166666666666666,0.9891975308641976,"{""C"": 0.1, ""gamma_mult"": 1.0}",144,144
8,1test->0train,reference,quantum/HS-RBF,quantum,0.9444444444444444,0.9874614197530864,"{""C"": 10.0, ""gamma_mult"": 0.25}",144,144
8,1test->0train,reference,quantum/Bures-RBF,quantum,0.9375,0.9886188271604939,"{""C"": 10.0, ""gamma_mult"": 0.25}",144,144
8,1test->0train,reference,quantum/QRE-RBF,quantum,0.9375,0.9872685185185185,"{""C"": 10.0, ""gamma_mult"": 0.25}",144,144
9,0train->1test,sensor,classical/TS+LR,classical,0.8333333333333334,0.9340277777777778,"{""clf__C"": 0.1}",144,144
9,0train->1test,sensor,classical/MDM,classical,0.875,0.9637345679012347,{},144,144
9,0train->1test,sensor,control/riemann-kernel-SVM,control,0.8472222222222222,0.9515817901234568,"{""C"": 0.1}",144,144
9,0train->1test,sensor,control/logeuclid-kernel-SVM,control,0.8333333333333334,0.9425154320987654,"{""C"": 1.0}",144,144
9,0train->1test,sensor,quantum/HS-overlap,quantum,0.7361111111111112,0.9056712962962963,"{""C"": 10.0, ""gamma_mult"": 1.0}",144,144
9,0train->1test,sensor,quantum/Fidelity,quantum,0.6666666666666666,0.8414351851851851,"{""C"": 10.0, ""gamma_mult"": 1.0}",144,144
9,0train->1test,sensor,quantum/HS-RBF,quantum,0.7847222222222222,0.943287037037037,"{""C"": 10.0, ""gamma_mult"": 0.25}",144,144
9,0train->1test,sensor,quantum/Bures-RBF,quantum,0.7708333333333334,0.9456018518518519,"{""C"": 10.0, ""gamma_mult"": 0.25}",144,144
9,0train->1test,sensor,quantum/QRE-RBF,quantum,0.7847222222222222,0.9461805555555556,"{""C"": 10.0, ""gamma_mult"": 0.25}",144,144
9,1test->0train,sensor,classical/TS+LR,classical,0.7083333333333334,0.7918595679012346,"{""clf__C"": 0.1}",144,144
9,1test->0train,sensor,classical/MDM,classical,0.6319444444444444,0.6668595679012346,{},144,144
9,1test->0train,sensor,control/riemann-kernel-SVM,control,0.7638888888888888,0.8047839506172839,"{""C"": 1.0}",144,144
9,1test->0train,sensor,control/logeuclid-kernel-SVM,control,0.7222222222222222,0.8013117283950618,"{""C"": 1.0}",144,144
9,1test->0train,sensor,quantum/HS-overlap,quantum,0.6319444444444444,0.6896219135802468,"{""C"": 10.0, ""gamma_mult"": 1.0}",144,144
9,1test->0train,sensor,quantum/Fidelity,quantum,0.6041666666666666,0.6805555555555556,"{""C"": 10.0, ""gamma_mult"": 1.0}",144,144
9,1test->0train,sensor,quantum/HS-RBF,quantum,0.5625,0.6068672839506174,"{""C"": 1.0, ""gamma_mult"": 4.0}",144,144
9,1test->0train,sensor,quantum/Bures-RBF,quantum,0.6041666666666666,0.6687885802469136,"{""C"": 10.0, ""gamma_mult"": 1.0}",144,144
9,1test->0train,sensor,quantum/QRE-RBF,quantum,0.6111111111111112,0.6662808641975309,"{""C"": 10.0, ""gamma_mult"": 1.0}",144,144
9,0train->1test,reference,classical/TS+LR,classical,0.8680555555555556,0.9309413580246914,"{""clf__C"": 0.1}",144,144
9,0train->1test,reference,classical/MDM,classical,0.8819444444444444,0.9635416666666667,{},144,144
9,0train->1test,reference,control/riemann-kernel-SVM,control,0.8888888888888888,0.9527391975308643,"{""C"": 0.1}",144,144
9,0train->1test,reference,control/logeuclid-kernel-SVM,control,0.8888888888888888,0.9527391975308643,"{""C"": 0.1}",144,144
9,0train->1test,reference,quantum/HS-overlap,quantum,0.8680555555555556,0.9361496913580247,"{""C"": 10.0, ""gamma_mult"": 1.0}",144,144
9,0train->1test,reference,quantum/Fidelity,quantum,0.8958333333333334,0.9606481481481481,"{""C"": 1.0, ""gamma_mult"": 1.0}",144,144
9,0train->1test,reference,quantum/HS-RBF,quantum,0.8611111111111112,0.9143518518518519,"{""C"": 10.0, ""gamma_mult"": 4.0}",144,144
9,0train->1test,reference,quantum/Bures-RBF,quantum,0.9236111111111112,0.9633487654320988,"{""C"": 1.0, ""gamma_mult"": 0.25}",144,144
9,0train->1test,reference,quantum/QRE-RBF,quantum,0.9236111111111112,0.9637345679012346,"{""C"": 1.0, ""gamma_mult"": 0.25}",144,144
9,1test->0train,reference,classical/TS+LR,classical,0.7083333333333334,0.797067901234568,"{""clf__C"": 0.1}",144,144
9,1test->0train,reference,classical/MDM,classical,0.6319444444444444,0.6680169753086419,{},144,144
9,1test->0train,reference,control/riemann-kernel-SVM,control,0.7361111111111112,0.808449074074074,"{""C"": 1.0}",144,144
9,1test->0train,reference,control/logeuclid-kernel-SVM,control,0.7361111111111112,0.808449074074074,"{""C"": 1.0}",144,144
9,1test->0train,reference,quantum/HS-overlap,quantum,0.7708333333333334,0.8179012345679013,"{""C"": 1.0, ""gamma_mult"": 1.0}",144,144
9,1test->0train,reference,quantum/Fidelity,quantum,0.7708333333333334,0.8283179012345678,"{""C"": 10.0, ""gamma_mult"": 1.0}",144,144
9,1test->0train,reference,quantum/HS-RBF,quantum,0.7638888888888888,0.8072916666666666,"{""C"": 10.0, ""gamma_mult"": 1.0}",144,144
9,1test->0train,reference,quantum/Bures-RBF,quantum,0.7638888888888888,0.8099922839506173,"{""C"": 10.0, ""gamma_mult"": 1.0}",144,144
9,1test->0train,reference,quantum/QRE-RBF,quantum,0.7708333333333334,0.8121141975308641,"{""C"": 10.0, ""gamma_mult"": 1.0}",144,144
